[INFO] Scanning for projects...
[INFO] ------------------------------------------------------------------------
[INFO] Reactor Build Order:
[INFO] 
[INFO] taco-cloud-parent                                                  [pom]
[INFO] tacocloud-domain                                                   [jar]
[INFO] tacocloud-data-mongodb                                             [jar]
[INFO] tacocloud-security                                                 [jar]
[INFO] tacocloud-messaging-noop                                           [jar]
[INFO] tacocloud-api                                                      [jar]
[INFO] tacocloud-ui                                                       [jar]
[INFO] tacocloud-jmx                                                      [jar]
[INFO] taco-cloud                                                         [jar]
[INFO] tacocloud-email                                                    [jar]
[INFO] tacocloud-kitchen                                                  [jar]
[INFO] tacocloud-messaging-jms                                            [jar]
[INFO] tacocloud-messaging-kafka                                          [jar]
[INFO] tacocloud-messaging-rabbitmq                                       [jar]
[INFO] tacocloud-restclient                                               [jar]
[INFO] tacocloud-web                                                      [jar]
[INFO] 
[INFO] -----------------------< sia:taco-cloud-parent >------------------------
[INFO] Building taco-cloud-parent 0.0.17-SNAPSHOT                        [1/16]
[INFO]   from pom.xml
[INFO] --------------------------------[ pom ]---------------------------------
[INFO] 
[INFO] --- clean:3.2.0:clean (default-clean) @ taco-cloud-parent ---
[INFO] 
[INFO] --- install:2.5.2:install (default-install) @ taco-cloud-parent ---
[INFO] Installing C:\Users\danie\Documents\Taco-Cloud-Practice\tacocloud\pom.xml to C:\Users\danie\.m2\repository\sia\taco-cloud-parent\0.0.17-SNAPSHOT\taco-cloud-parent-0.0.17-SNAPSHOT.pom
[INFO] 
[INFO] --------------------< sia:tacocloud-domain-mongodb >--------------------
[INFO] Building tacocloud-domain 0.0.17-SNAPSHOT                         [2/16]
[INFO]   from tacocloud-domain-mongodb\pom.xml
[INFO] --------------------------------[ jar ]---------------------------------
[INFO] 
[INFO] --- clean:3.2.0:clean (default-clean) @ tacocloud-domain-mongodb ---
[INFO] Deleting C:\Users\danie\Documents\Taco-Cloud-Practice\tacocloud\tacocloud-domain-mongodb\target
[INFO] 
[INFO] --- resources:3.2.0:resources (default-resources) @ tacocloud-domain-mongodb ---
[INFO] Using 'UTF-8' encoding to copy filtered resources.
[INFO] Using 'UTF-8' encoding to copy filtered properties files.
[INFO] skip non existing resourceDirectory C:\Users\danie\Documents\Taco-Cloud-Practice\tacocloud\tacocloud-domain-mongodb\src\main\resources
[INFO] skip non existing resourceDirectory C:\Users\danie\Documents\Taco-Cloud-Practice\tacocloud\tacocloud-domain-mongodb\src\main\resources
[INFO] 
[INFO] --- compiler:3.10.1:compile (default-compile) @ tacocloud-domain-mongodb ---
[INFO] Changes detected - recompiling the module!
[INFO] Compiling 5 source files to C:\Users\danie\Documents\Taco-Cloud-Practice\tacocloud\tacocloud-domain-mongodb\target\classes
[INFO] 
[INFO] --- resources:3.2.0:testResources (default-testResources) @ tacocloud-domain-mongodb ---
[INFO] Using 'UTF-8' encoding to copy filtered resources.
[INFO] Using 'UTF-8' encoding to copy filtered properties files.
[INFO] skip non existing resourceDirectory C:\Users\danie\Documents\Taco-Cloud-Practice\tacocloud\tacocloud-domain-mongodb\src\test\resources
[INFO] 
[INFO] --- compiler:3.10.1:testCompile (default-testCompile) @ tacocloud-domain-mongodb ---
[INFO] No sources to compile
[INFO] 
[INFO] --- surefire:2.22.2:test (default-test) @ tacocloud-domain-mongodb ---
[INFO] No tests to run.
[INFO] 
[INFO] --- jar:3.2.2:jar (default-jar) @ tacocloud-domain-mongodb ---
[INFO] Building jar: C:\Users\danie\Documents\Taco-Cloud-Practice\tacocloud\tacocloud-domain-mongodb\target\tacocloud-domain-mongodb-0.0.17-SNAPSHOT.jar
[INFO] 
[INFO] --- install:2.5.2:install (default-install) @ tacocloud-domain-mongodb ---
[INFO] Installing C:\Users\danie\Documents\Taco-Cloud-Practice\tacocloud\tacocloud-domain-mongodb\target\tacocloud-domain-mongodb-0.0.17-SNAPSHOT.jar to C:\Users\danie\.m2\repository\sia\tacocloud-domain-mongodb\0.0.17-SNAPSHOT\tacocloud-domain-mongodb-0.0.17-SNAPSHOT.jar
[INFO] Installing C:\Users\danie\Documents\Taco-Cloud-Practice\tacocloud\tacocloud-domain-mongodb\pom.xml to C:\Users\danie\.m2\repository\sia\tacocloud-domain-mongodb\0.0.17-SNAPSHOT\tacocloud-domain-mongodb-0.0.17-SNAPSHOT.pom
[INFO] 
[INFO] ---------------------< sia:tacocloud-data-mongodb >---------------------
[INFO] Building tacocloud-data-mongodb 0.0.17-SNAPSHOT                   [3/16]
[INFO]   from tacocloud-data-mongodb\pom.xml
[INFO] --------------------------------[ jar ]---------------------------------
[INFO] 
[INFO] --- clean:3.2.0:clean (default-clean) @ tacocloud-data-mongodb ---
[INFO] Deleting C:\Users\danie\Documents\Taco-Cloud-Practice\tacocloud\tacocloud-data-mongodb\target
[INFO] 
[INFO] --- resources:3.2.0:resources (default-resources) @ tacocloud-data-mongodb ---
[INFO] Using 'UTF-8' encoding to copy filtered resources.
[INFO] Using 'UTF-8' encoding to copy filtered properties files.
[INFO] skip non existing resourceDirectory C:\Users\danie\Documents\Taco-Cloud-Practice\tacocloud\tacocloud-data-mongodb\src\main\resources
[INFO] skip non existing resourceDirectory C:\Users\danie\Documents\Taco-Cloud-Practice\tacocloud\tacocloud-data-mongodb\src\main\resources
[INFO] 
[INFO] --- compiler:3.10.1:compile (default-compile) @ tacocloud-data-mongodb ---
[INFO] Changes detected - recompiling the module!
[INFO] Compiling 5 source files to C:\Users\danie\Documents\Taco-Cloud-Practice\tacocloud\tacocloud-data-mongodb\target\classes
[INFO] 
[INFO] --- resources:3.2.0:testResources (default-testResources) @ tacocloud-data-mongodb ---
[INFO] Using 'UTF-8' encoding to copy filtered resources.
[INFO] Using 'UTF-8' encoding to copy filtered properties files.
[INFO] skip non existing resourceDirectory C:\Users\danie\Documents\Taco-Cloud-Practice\tacocloud\tacocloud-data-mongodb\src\test\resources
[INFO] 
[INFO] --- compiler:3.10.1:testCompile (default-testCompile) @ tacocloud-data-mongodb ---
[INFO] No sources to compile
[INFO] 
[INFO] --- surefire:2.22.2:test (default-test) @ tacocloud-data-mongodb ---
[INFO] No tests to run.
[INFO] 
[INFO] --- jar:3.2.2:jar (default-jar) @ tacocloud-data-mongodb ---
[INFO] Building jar: C:\Users\danie\Documents\Taco-Cloud-Practice\tacocloud\tacocloud-data-mongodb\target\tacocloud-data-mongodb-0.0.17-SNAPSHOT.jar
[INFO] 
[INFO] --- install:2.5.2:install (default-install) @ tacocloud-data-mongodb ---
[INFO] Installing C:\Users\danie\Documents\Taco-Cloud-Practice\tacocloud\tacocloud-data-mongodb\target\tacocloud-data-mongodb-0.0.17-SNAPSHOT.jar to C:\Users\danie\.m2\repository\sia\tacocloud-data-mongodb\0.0.17-SNAPSHOT\tacocloud-data-mongodb-0.0.17-SNAPSHOT.jar
[INFO] Installing C:\Users\danie\Documents\Taco-Cloud-Practice\tacocloud\tacocloud-data-mongodb\pom.xml to C:\Users\danie\.m2\repository\sia\tacocloud-data-mongodb\0.0.17-SNAPSHOT\tacocloud-data-mongodb-0.0.17-SNAPSHOT.pom
[INFO] 
[INFO] -----------------------< sia:tacocloud-security >-----------------------
[INFO] Building tacocloud-security 0.0.17-SNAPSHOT                       [4/16]
[INFO]   from tacocloud-security\pom.xml
[INFO] --------------------------------[ jar ]---------------------------------
[INFO] 
[INFO] --- clean:3.2.0:clean (default-clean) @ tacocloud-security ---
[INFO] Deleting C:\Users\danie\Documents\Taco-Cloud-Practice\tacocloud\tacocloud-security\target
[INFO] 
[INFO] --- resources:3.2.0:resources (default-resources) @ tacocloud-security ---
[INFO] Using 'UTF-8' encoding to copy filtered resources.
[INFO] Using 'UTF-8' encoding to copy filtered properties files.
[INFO] skip non existing resourceDirectory C:\Users\danie\Documents\Taco-Cloud-Practice\tacocloud\tacocloud-security\src\main\resources
[INFO] skip non existing resourceDirectory C:\Users\danie\Documents\Taco-Cloud-Practice\tacocloud\tacocloud-security\src\main\resources
[INFO] 
[INFO] --- compiler:3.10.1:compile (default-compile) @ tacocloud-security ---
[INFO] Changes detected - recompiling the module!
[INFO] Compiling 4 source files to C:\Users\danie\Documents\Taco-Cloud-Practice\tacocloud\tacocloud-security\target\classes
[INFO] 
[INFO] --- resources:3.2.0:testResources (default-testResources) @ tacocloud-security ---
[INFO] Using 'UTF-8' encoding to copy filtered resources.
[INFO] Using 'UTF-8' encoding to copy filtered properties files.
[INFO] skip non existing resourceDirectory C:\Users\danie\Documents\Taco-Cloud-Practice\tacocloud\tacocloud-security\src\test\resources
[INFO] 
[INFO] --- compiler:3.10.1:testCompile (default-testCompile) @ tacocloud-security ---
[INFO] No sources to compile
[INFO] 
[INFO] --- surefire:2.22.2:test (default-test) @ tacocloud-security ---
[INFO] No tests to run.
[INFO] 
[INFO] --- jar:3.2.2:jar (default-jar) @ tacocloud-security ---
[INFO] Building jar: C:\Users\danie\Documents\Taco-Cloud-Practice\tacocloud\tacocloud-security\target\tacocloud-security-0.0.17-SNAPSHOT.jar
[INFO] 
[INFO] --- install:2.5.2:install (default-install) @ tacocloud-security ---
[INFO] Installing C:\Users\danie\Documents\Taco-Cloud-Practice\tacocloud\tacocloud-security\target\tacocloud-security-0.0.17-SNAPSHOT.jar to C:\Users\danie\.m2\repository\sia\tacocloud-security\0.0.17-SNAPSHOT\tacocloud-security-0.0.17-SNAPSHOT.jar
[INFO] Installing C:\Users\danie\Documents\Taco-Cloud-Practice\tacocloud\tacocloud-security\pom.xml to C:\Users\danie\.m2\repository\sia\tacocloud-security\0.0.17-SNAPSHOT\tacocloud-security-0.0.17-SNAPSHOT.pom
[INFO] 
[INFO] --------------------< sia:tacocloud-messaging-noop >--------------------
[INFO] Building tacocloud-messaging-noop 0.0.17-SNAPSHOT                 [5/16]
[INFO]   from tacocloud-messaging-noop\pom.xml
[INFO] --------------------------------[ jar ]---------------------------------
[INFO] 
[INFO] --- clean:3.2.0:clean (default-clean) @ tacocloud-messaging-noop ---
[INFO] Deleting C:\Users\danie\Documents\Taco-Cloud-Practice\tacocloud\tacocloud-messaging-noop\target
[INFO] 
[INFO] --- resources:3.2.0:resources (default-resources) @ tacocloud-messaging-noop ---
[INFO] Using 'UTF-8' encoding to copy filtered resources.
[INFO] Using 'UTF-8' encoding to copy filtered properties files.
[INFO] Copying 1 resource
[INFO] Copying 0 resource
[INFO] 
[INFO] --- compiler:3.10.1:compile (default-compile) @ tacocloud-messaging-noop ---
[INFO] Changes detected - recompiling the module!
[INFO] Compiling 2 source files to C:\Users\danie\Documents\Taco-Cloud-Practice\tacocloud\tacocloud-messaging-noop\target\classes
[INFO] 
[INFO] --- resources:3.2.0:testResources (default-testResources) @ tacocloud-messaging-noop ---
[INFO] Using 'UTF-8' encoding to copy filtered resources.
[INFO] Using 'UTF-8' encoding to copy filtered properties files.
[INFO] skip non existing resourceDirectory C:\Users\danie\Documents\Taco-Cloud-Practice\tacocloud\tacocloud-messaging-noop\src\test\resources
[INFO] 
[INFO] --- compiler:3.10.1:testCompile (default-testCompile) @ tacocloud-messaging-noop ---
[INFO] No sources to compile
[INFO] 
[INFO] --- surefire:2.22.2:test (default-test) @ tacocloud-messaging-noop ---
[INFO] No tests to run.
[INFO] 
[INFO] --- jar:3.2.2:jar (default-jar) @ tacocloud-messaging-noop ---
[INFO] Building jar: C:\Users\danie\Documents\Taco-Cloud-Practice\tacocloud\tacocloud-messaging-noop\target\tacocloud-messaging-noop-0.0.17-SNAPSHOT.jar
[INFO] 
[INFO] --- install:2.5.2:install (default-install) @ tacocloud-messaging-noop ---
[INFO] Installing C:\Users\danie\Documents\Taco-Cloud-Practice\tacocloud\tacocloud-messaging-noop\target\tacocloud-messaging-noop-0.0.17-SNAPSHOT.jar to C:\Users\danie\.m2\repository\sia\tacocloud-messaging-noop\0.0.17-SNAPSHOT\tacocloud-messaging-noop-0.0.17-SNAPSHOT.jar
[INFO] Installing C:\Users\danie\Documents\Taco-Cloud-Practice\tacocloud\tacocloud-messaging-noop\pom.xml to C:\Users\danie\.m2\repository\sia\tacocloud-messaging-noop\0.0.17-SNAPSHOT\tacocloud-messaging-noop-0.0.17-SNAPSHOT.pom
[INFO] 
[INFO] -------------------------< sia:tacocloud-api >--------------------------
[INFO] Building tacocloud-api 0.0.17-SNAPSHOT                            [6/16]
[INFO]   from tacocloud-api\pom.xml
[INFO] --------------------------------[ jar ]---------------------------------
[INFO] 
[INFO] --- clean:3.2.0:clean (default-clean) @ tacocloud-api ---
[INFO] Deleting C:\Users\danie\Documents\Taco-Cloud-Practice\tacocloud\tacocloud-api\target
[INFO] 
[INFO] --- resources:3.2.0:resources (default-resources) @ tacocloud-api ---
[INFO] Using 'UTF-8' encoding to copy filtered resources.
[INFO] Using 'UTF-8' encoding to copy filtered properties files.
[INFO] Copying 1 resource
[INFO] Copying 0 resource
[INFO] 
[INFO] --- compiler:3.10.1:compile (default-compile) @ tacocloud-api ---
[INFO] Changes detected - recompiling the module!
[INFO] Compiling 5 source files to C:\Users\danie\Documents\Taco-Cloud-Practice\tacocloud\tacocloud-api\target\classes
[INFO] 
[INFO] --- resources:3.2.0:testResources (default-testResources) @ tacocloud-api ---
[INFO] Using 'UTF-8' encoding to copy filtered resources.
[INFO] Using 'UTF-8' encoding to copy filtered properties files.
[INFO] skip non existing resourceDirectory C:\Users\danie\Documents\Taco-Cloud-Practice\tacocloud\tacocloud-api\src\test\resources
[INFO] 
[INFO] --- compiler:3.10.1:testCompile (default-testCompile) @ tacocloud-api ---
[INFO] Changes detected - recompiling the module!
[INFO] Compiling 1 source file to C:\Users\danie\Documents\Taco-Cloud-Practice\tacocloud\tacocloud-api\target\test-classes
[INFO] 
[INFO] --- surefire:2.22.2:test (default-test) @ tacocloud-api ---
[INFO] 
[INFO] -------------------------------------------------------
[INFO]  T E S T S
[INFO] -------------------------------------------------------
[INFO] Running tacos.web.api.TacoControllerTest
15:35:01.515 [main] DEBUG reactor.util.Loggers - Using Slf4j logging framework
15:35:01.604 [main] DEBUG org.springframework.context.annotation.AnnotationConfigApplicationContext - Refreshing org.springframework.context.annotation.AnnotationConfigApplicationContext@c00fff0
15:35:01.614 [main] DEBUG org.springframework.beans.factory.support.DefaultListableBeanFactory - Creating shared instance of singleton bean 'org.springframework.context.annotation.internalConfigurationAnnotationProcessor'
15:35:01.664 [main] DEBUG org.springframework.beans.factory.support.DefaultListableBeanFactory - Creating shared instance of singleton bean 'org.springframework.context.event.internalEventListenerProcessor'
15:35:01.667 [main] DEBUG org.springframework.beans.factory.support.DefaultListableBeanFactory - Creating shared instance of singleton bean 'org.springframework.context.event.internalEventListenerFactory'
15:35:01.668 [main] DEBUG org.springframework.beans.factory.support.DefaultListableBeanFactory - Creating shared instance of singleton bean 'org.springframework.context.annotation.internalAutowiredAnnotationProcessor'
15:35:01.669 [main] DEBUG org.springframework.beans.factory.support.DefaultListableBeanFactory - Creating shared instance of singleton bean 'org.springframework.context.annotation.internalCommonAnnotationProcessor'
15:35:01.674 [main] DEBUG org.springframework.beans.factory.support.DefaultListableBeanFactory - Creating shared instance of singleton bean 'tacos.web.api.TacoController'
15:35:01.683 [main] DEBUG org.springframework.beans.factory.support.DefaultListableBeanFactory - Creating shared instance of singleton bean 'delegatingWebFluxConfiguration'
15:35:01.705 [main] DEBUG org.springframework.beans.factory.support.DefaultListableBeanFactory - Creating shared instance of singleton bean 'webFluxConfigurer'
15:35:01.712 [main] DEBUG org.springframework.beans.factory.support.DefaultListableBeanFactory - Creating shared instance of singleton bean 'webHandler'
15:35:01.713 [main] DEBUG org.springframework.beans.factory.support.DefaultListableBeanFactory - Creating shared instance of singleton bean 'requestMappingHandlerMapping'
15:35:01.714 [main] DEBUG org.springframework.beans.factory.support.DefaultListableBeanFactory - Creating shared instance of singleton bean 'webFluxContentTypeResolver'
15:35:01.715 [main] DEBUG org.springframework.beans.factory.support.DefaultListableBeanFactory - Autowiring by type from bean name 'requestMappingHandlerMapping' via factory method to bean named 'webFluxContentTypeResolver'
15:35:01.760 [main] DEBUG _org.springframework.web.reactive.HandlerMapping.Mappings - 
	t.w.a.TacoController:
	{GET /api/tacos, params [recent], produces [application/json]}: recentTacos()
	{GET /api/tacos/{id}, produces [application/json]}: tacoById(String)
	{POST /api/tacos, consumes [application/json], produces [application/json]}: postTaco(Taco)
15:35:01.765 [main] DEBUG org.springframework.web.reactive.result.method.annotation.RequestMappingHandlerMapping - 3 mappings in 'requestMappingHandlerMapping'
15:35:01.765 [main] DEBUG org.springframework.beans.factory.support.DefaultListableBeanFactory - Creating shared instance of singleton bean 'routerFunctionMapping'
15:35:01.766 [main] DEBUG org.springframework.beans.factory.support.DefaultListableBeanFactory - Creating shared instance of singleton bean 'serverCodecConfigurer'
15:35:01.932 [main] DEBUG org.springframework.beans.factory.support.DefaultListableBeanFactory - Autowiring by type from bean name 'routerFunctionMapping' via factory method to bean named 'serverCodecConfigurer'
15:35:01.935 [main] DEBUG org.springframework.beans.factory.support.DefaultListableBeanFactory - Creating shared instance of singleton bean 'resourceHandlerMapping'
15:35:01.936 [main] DEBUG org.springframework.beans.factory.support.DefaultListableBeanFactory - Creating shared instance of singleton bean 'resourceUrlProvider'
15:35:01.939 [main] DEBUG org.springframework.beans.factory.support.DefaultListableBeanFactory - Autowiring by type from bean name 'resourceHandlerMapping' via factory method to bean named 'resourceUrlProvider'
15:35:01.939 [main] DEBUG org.springframework.beans.factory.support.DefaultListableBeanFactory - Creating shared instance of singleton bean 'requestMappingHandlerAdapter'
15:35:01.939 [main] DEBUG org.springframework.beans.factory.support.DefaultListableBeanFactory - Creating shared instance of singleton bean 'webFluxAdapterRegistry'
15:35:01.975 [main] DEBUG org.springframework.beans.factory.support.DefaultListableBeanFactory - Creating shared instance of singleton bean 'webFluxConversionService'
15:35:01.997 [main] DEBUG org.springframework.beans.factory.support.DefaultListableBeanFactory - Creating shared instance of singleton bean 'webFluxValidator'
15:35:02.036 [main] DEBUG org.jboss.logging - Logging Provider: org.jboss.logging.Log4j2LoggerProvider
15:35:02.036 [main] INFO org.hibernate.validator.internal.util.Version - HV000001: Hibernate Validator 6.2.5.Final
15:35:02.049 [main] DEBUG org.hibernate.validator.messageinterpolation.ResourceBundleMessageInterpolator - Loaded expression factory via original TCCL
15:35:02.049 [main] DEBUG org.hibernate.validator.internal.engine.AbstractConfigurationImpl - Setting custom MessageInterpolator of type org.springframework.validation.beanvalidation.LocaleContextMessageInterpolator
15:35:02.049 [main] DEBUG org.hibernate.validator.internal.engine.AbstractConfigurationImpl - Setting custom ConstraintValidatorFactory of type org.springframework.validation.beanvalidation.SpringConstraintValidatorFactory
15:35:02.049 [main] DEBUG org.hibernate.validator.internal.engine.AbstractConfigurationImpl - Setting custom ParameterNameProvider of type org.springframework.validation.beanvalidation.LocalValidatorFactoryBean$1
15:35:02.051 [main] DEBUG org.hibernate.validator.internal.xml.config.ValidationXmlParser - Trying to load META-INF/validation.xml for XML based Validator configuration.
15:35:02.051 [main] DEBUG org.hibernate.validator.internal.xml.config.ResourceLoaderHelper - Trying to load META-INF/validation.xml via user class loader
15:35:02.052 [main] DEBUG org.hibernate.validator.internal.xml.config.ResourceLoaderHelper - Trying to load META-INF/validation.xml via TCCL
15:35:02.052 [main] DEBUG org.hibernate.validator.internal.xml.config.ResourceLoaderHelper - Trying to load META-INF/validation.xml via Hibernate Validator's class loader
15:35:02.052 [main] DEBUG org.hibernate.validator.internal.xml.config.ValidationXmlParser - No META-INF/validation.xml found. Using annotation based configuration only.
15:35:02.053 [main] DEBUG org.hibernate.validator.internal.engine.resolver.TraversableResolvers - Cannot find javax.persistence.Persistence on classpath. Assuming non JPA 2 environment. All properties will per default be traversable.
15:35:02.112 [main] DEBUG org.hibernate.validator.internal.engine.ValidatorFactoryConfigurationHelper - HV000252: Using org.hibernate.validator.internal.engine.DefaultPropertyNodeNameProvider as property node name provider.
15:35:02.114 [main] DEBUG org.hibernate.validator.internal.engine.ValidatorFactoryConfigurationHelper - HV000234: Using org.springframework.validation.beanvalidation.LocaleContextMessageInterpolator as ValidatorFactory-scoped message interpolator.
15:35:02.115 [main] DEBUG org.hibernate.validator.internal.engine.ValidatorFactoryConfigurationHelper - HV000234: Using org.hibernate.validator.internal.engine.resolver.TraverseAllTraversableResolver as ValidatorFactory-scoped traversable resolver.
15:35:02.115 [main] DEBUG org.hibernate.validator.internal.engine.ValidatorFactoryConfigurationHelper - HV000234: Using org.hibernate.validator.internal.util.ExecutableParameterNameProvider as ValidatorFactory-scoped parameter name provider.
15:35:02.115 [main] DEBUG org.hibernate.validator.internal.engine.ValidatorFactoryConfigurationHelper - HV000234: Using org.hibernate.validator.internal.engine.DefaultClockProvider as ValidatorFactory-scoped clock provider.
15:35:02.115 [main] DEBUG org.hibernate.validator.internal.engine.ValidatorFactoryConfigurationHelper - HV000234: Using org.hibernate.validator.internal.engine.scripting.DefaultScriptEvaluatorFactory as ValidatorFactory-scoped script evaluator factory.
15:35:02.128 [main] DEBUG org.springframework.beans.factory.support.DefaultListableBeanFactory - Autowiring by type from bean name 'requestMappingHandlerAdapter' via factory method to bean named 'webFluxAdapterRegistry'
15:35:02.128 [main] DEBUG org.springframework.beans.factory.support.DefaultListableBeanFactory - Autowiring by type from bean name 'requestMappingHandlerAdapter' via factory method to bean named 'serverCodecConfigurer'
15:35:02.128 [main] DEBUG org.springframework.beans.factory.support.DefaultListableBeanFactory - Autowiring by type from bean name 'requestMappingHandlerAdapter' via factory method to bean named 'webFluxConversionService'
15:35:02.128 [main] DEBUG org.springframework.beans.factory.support.DefaultListableBeanFactory - Autowiring by type from bean name 'requestMappingHandlerAdapter' via factory method to bean named 'webFluxValidator'
15:35:02.144 [main] DEBUG org.springframework.web.reactive.result.method.annotation.ControllerMethodResolver - ControllerAdvice beans: none
15:35:02.145 [main] DEBUG org.springframework.beans.factory.support.DefaultListableBeanFactory - Creating shared instance of singleton bean 'handlerFunctionAdapter'
15:35:02.146 [main] DEBUG org.springframework.beans.factory.support.DefaultListableBeanFactory - Creating shared instance of singleton bean 'simpleHandlerAdapter'
15:35:02.147 [main] DEBUG org.springframework.beans.factory.support.DefaultListableBeanFactory - Creating shared instance of singleton bean 'webFluxWebSocketHandlerAdapter'
15:35:02.152 [main] DEBUG org.springframework.beans.factory.support.DefaultListableBeanFactory - Creating shared instance of singleton bean 'responseEntityResultHandler'
15:35:02.152 [main] DEBUG org.springframework.beans.factory.support.DefaultListableBeanFactory - Autowiring by type from bean name 'responseEntityResultHandler' via factory method to bean named 'webFluxAdapterRegistry'
15:35:02.152 [main] DEBUG org.springframework.beans.factory.support.DefaultListableBeanFactory - Autowiring by type from bean name 'responseEntityResultHandler' via factory method to bean named 'serverCodecConfigurer'
15:35:02.152 [main] DEBUG org.springframework.beans.factory.support.DefaultListableBeanFactory - Autowiring by type from bean name 'responseEntityResultHandler' via factory method to bean named 'webFluxContentTypeResolver'
15:35:02.155 [main] DEBUG org.springframework.beans.factory.support.DefaultListableBeanFactory - Creating shared instance of singleton bean 'responseBodyResultHandler'
15:35:02.155 [main] DEBUG org.springframework.beans.factory.support.DefaultListableBeanFactory - Autowiring by type from bean name 'responseBodyResultHandler' via factory method to bean named 'webFluxAdapterRegistry'
15:35:02.155 [main] DEBUG org.springframework.beans.factory.support.DefaultListableBeanFactory - Autowiring by type from bean name 'responseBodyResultHandler' via factory method to bean named 'serverCodecConfigurer'
15:35:02.155 [main] DEBUG org.springframework.beans.factory.support.DefaultListableBeanFactory - Autowiring by type from bean name 'responseBodyResultHandler' via factory method to bean named 'webFluxContentTypeResolver'
15:35:02.155 [main] DEBUG org.springframework.beans.factory.support.DefaultListableBeanFactory - Creating shared instance of singleton bean 'viewResolutionResultHandler'
15:35:02.156 [main] DEBUG org.springframework.beans.factory.support.DefaultListableBeanFactory - Autowiring by type from bean name 'viewResolutionResultHandler' via factory method to bean named 'webFluxAdapterRegistry'
15:35:02.156 [main] DEBUG org.springframework.beans.factory.support.DefaultListableBeanFactory - Autowiring by type from bean name 'viewResolutionResultHandler' via factory method to bean named 'webFluxContentTypeResolver'
15:35:02.157 [main] DEBUG org.springframework.beans.factory.support.DefaultListableBeanFactory - Creating shared instance of singleton bean 'serverResponseResultHandler'
15:35:02.158 [main] DEBUG org.springframework.beans.factory.support.DefaultListableBeanFactory - Autowiring by type from bean name 'serverResponseResultHandler' via factory method to bean named 'serverCodecConfigurer'
15:35:02.158 [main] DEBUG org.springframework.beans.factory.support.DefaultListableBeanFactory - Creating shared instance of singleton bean 'responseStatusExceptionHandler'
15:35:02.159 [main] DEBUG org.springframework.beans.factory.support.DefaultListableBeanFactory - Creating shared instance of singleton bean 'localeContextResolver'
15:35:02.171 [main] DEBUG org.springframework.web.server.adapter.HttpWebHandlerAdapter - enableLoggingRequestDetails='false': form data and headers will be masked to prevent unsafe logging of potentially sensitive data
15:35:02.196 [main] DEBUG org.springframework.web.reactive.function.client.ExchangeFunctions - [67d32a54] HTTP POST /api/tacos
15:35:02.202 [parallel-1] DEBUG org.springframework.test.web.reactive.server.HttpHandlerConnector - Writing client request for  POST "/api/tacos"
15:35:02.245 [parallel-1] DEBUG org.springframework.http.codec.json.Jackson2JsonEncoder - [67d32a54] Encoding [Taco(id=TESTID, name=Taco null, createdAt=Sat Sep 12 15:35:01 CST 2026, ingredients=[Ingredient(id=I (truncated)...]
15:35:02.260 [parallel-1] DEBUG org.springframework.test.web.reactive.server.HttpHandlerConnector - Invoking HttpHandler for  POST "/api/tacos"
15:35:02.265 [parallel-1] DEBUG org.springframework.web.server.adapter.HttpWebHandlerAdapter - [3ba255fd] HTTP POST "/api/tacos"
15:35:02.272 [parallel-1] DEBUG org.springframework.web.reactive.result.method.annotation.RequestMappingHandlerMapping - [3ba255fd] Mapped to tacos.web.api.TacoController#postTaco(Taco)
15:35:02.283 [parallel-1] DEBUG org.springframework.web.reactive.result.method.annotation.RequestBodyMethodArgumentResolver - [3ba255fd] Content-Type:application/json
15:35:02.301 [parallel-1] DEBUG org.springframework.web.reactive.result.method.annotation.RequestBodyMethodArgumentResolver - [3ba255fd] 0..1 [tacos.Taco]
15:35:02.313 [parallel-1] DEBUG org.springframework.http.codec.json.Jackson2JsonDecoder - [3ba255fd] Decoded [Taco(id=TESTID, name=Taco null, createdAt=Sat Sep 12 15:35:01 CST 2026, ingredients=[Ingredient(id=I (truncated)...]
15:35:02.316 [parallel-1] DEBUG org.springframework.web.reactive.result.method.annotation.ResponseBodyResultHandler - [3ba255fd] Using 'application/json' given [*/*] and supported [application/json]
15:35:02.316 [parallel-1] DEBUG org.springframework.web.reactive.result.method.annotation.ResponseBodyResultHandler - [3ba255fd] 0..1 [tacos.Taco]
15:35:02.318 [parallel-1] DEBUG org.springframework.http.codec.json.Jackson2JsonEncoder - [3ba255fd] Encoding [Taco(id=TESTID, name=Taco null, createdAt=Sat Sep 12 15:35:01 CST 2026, ingredients=[Ingredient(id=I (truncated)...]
15:35:02.321 [parallel-1] DEBUG org.springframework.test.web.reactive.server.HttpHandlerConnector - Creating client response for  POST "/api/tacos"
15:35:02.322 [parallel-1] DEBUG org.springframework.web.server.adapter.HttpWebHandlerAdapter - [3ba255fd] Completed 201 CREATED
15:35:02.324 [parallel-1] DEBUG org.springframework.web.reactive.function.client.ExchangeFunctions - [67d32a54] [6b5a635] Response 201 CREATED
15:35:02.331 [main] DEBUG org.springframework.http.codec.json.Jackson2JsonDecoder - [67d32a54] [6b5a635] Decoded [Taco(id=TESTID, name=Taco null, createdAt=Sat Sep 12 15:35:01 CST 2026, ingredients=[Ingredient(id=I (truncated)...]
15:35:02.337 [main] DEBUG org.springframework.context.annotation.AnnotationConfigApplicationContext - Refreshing org.springframework.context.annotation.AnnotationConfigApplicationContext@4eaf7902
15:35:02.337 [main] DEBUG org.springframework.beans.factory.support.DefaultListableBeanFactory - Creating shared instance of singleton bean 'org.springframework.context.annotation.internalConfigurationAnnotationProcessor'
15:35:02.339 [main] DEBUG org.springframework.beans.factory.support.DefaultListableBeanFactory - Creating shared instance of singleton bean 'org.springframework.context.event.internalEventListenerProcessor'
15:35:02.339 [main] DEBUG org.springframework.beans.factory.support.DefaultListableBeanFactory - Creating shared instance of singleton bean 'org.springframework.context.event.internalEventListenerFactory'
15:35:02.339 [main] DEBUG org.springframework.beans.factory.support.DefaultListableBeanFactory - Creating shared instance of singleton bean 'org.springframework.context.annotation.internalAutowiredAnnotationProcessor'
15:35:02.340 [main] DEBUG org.springframework.beans.factory.support.DefaultListableBeanFactory - Creating shared instance of singleton bean 'org.springframework.context.annotation.internalCommonAnnotationProcessor'
15:35:02.340 [main] DEBUG org.springframework.beans.factory.support.DefaultListableBeanFactory - Creating shared instance of singleton bean 'tacos.web.api.TacoController'
15:35:02.340 [main] DEBUG org.springframework.beans.factory.support.DefaultListableBeanFactory - Creating shared instance of singleton bean 'delegatingWebFluxConfiguration'
15:35:02.343 [main] DEBUG org.springframework.beans.factory.support.DefaultListableBeanFactory - Creating shared instance of singleton bean 'webFluxConfigurer'
15:35:02.344 [main] DEBUG org.springframework.beans.factory.support.DefaultListableBeanFactory - Creating shared instance of singleton bean 'webHandler'
15:35:02.344 [main] DEBUG org.springframework.beans.factory.support.DefaultListableBeanFactory - Creating shared instance of singleton bean 'requestMappingHandlerMapping'
15:35:02.344 [main] DEBUG org.springframework.beans.factory.support.DefaultListableBeanFactory - Creating shared instance of singleton bean 'webFluxContentTypeResolver'
15:35:02.344 [main] DEBUG org.springframework.beans.factory.support.DefaultListableBeanFactory - Autowiring by type from bean name 'requestMappingHandlerMapping' via factory method to bean named 'webFluxContentTypeResolver'
15:35:02.345 [main] DEBUG _org.springframework.web.reactive.HandlerMapping.Mappings - 
	t.w.a.TacoController:
	{GET /api/tacos, params [recent], produces [application/json]}: recentTacos()
	{GET /api/tacos/{id}, produces [application/json]}: tacoById(String)
	{POST /api/tacos, consumes [application/json], produces [application/json]}: postTaco(Taco)
15:35:02.346 [main] DEBUG org.springframework.web.reactive.result.method.annotation.RequestMappingHandlerMapping - 3 mappings in 'requestMappingHandlerMapping'
15:35:02.346 [main] DEBUG org.springframework.beans.factory.support.DefaultListableBeanFactory - Creating shared instance of singleton bean 'routerFunctionMapping'
15:35:02.346 [main] DEBUG org.springframework.beans.factory.support.DefaultListableBeanFactory - Creating shared instance of singleton bean 'serverCodecConfigurer'
15:35:02.349 [main] DEBUG org.springframework.beans.factory.support.DefaultListableBeanFactory - Autowiring by type from bean name 'routerFunctionMapping' via factory method to bean named 'serverCodecConfigurer'
15:35:02.349 [main] DEBUG org.springframework.beans.factory.support.DefaultListableBeanFactory - Creating shared instance of singleton bean 'resourceHandlerMapping'
15:35:02.349 [main] DEBUG org.springframework.beans.factory.support.DefaultListableBeanFactory - Creating shared instance of singleton bean 'resourceUrlProvider'
15:35:02.349 [main] DEBUG org.springframework.beans.factory.support.DefaultListableBeanFactory - Autowiring by type from bean name 'resourceHandlerMapping' via factory method to bean named 'resourceUrlProvider'
15:35:02.349 [main] DEBUG org.springframework.beans.factory.support.DefaultListableBeanFactory - Creating shared instance of singleton bean 'requestMappingHandlerAdapter'
15:35:02.349 [main] DEBUG org.springframework.beans.factory.support.DefaultListableBeanFactory - Creating shared instance of singleton bean 'webFluxAdapterRegistry'
15:35:02.350 [main] DEBUG org.springframework.beans.factory.support.DefaultListableBeanFactory - Creating shared instance of singleton bean 'webFluxConversionService'
15:35:02.351 [main] DEBUG org.springframework.beans.factory.support.DefaultListableBeanFactory - Creating shared instance of singleton bean 'webFluxValidator'
15:35:02.351 [main] DEBUG org.hibernate.validator.messageinterpolation.ResourceBundleMessageInterpolator - Loaded expression factory via original TCCL
15:35:02.351 [main] DEBUG org.hibernate.validator.internal.engine.AbstractConfigurationImpl - Setting custom MessageInterpolator of type org.springframework.validation.beanvalidation.LocaleContextMessageInterpolator
15:35:02.351 [main] DEBUG org.hibernate.validator.internal.engine.AbstractConfigurationImpl - Setting custom ConstraintValidatorFactory of type org.springframework.validation.beanvalidation.SpringConstraintValidatorFactory
15:35:02.351 [main] DEBUG org.hibernate.validator.internal.engine.AbstractConfigurationImpl - Setting custom ParameterNameProvider of type org.springframework.validation.beanvalidation.LocalValidatorFactoryBean$1
15:35:02.351 [main] DEBUG org.hibernate.validator.internal.xml.config.ValidationXmlParser - Trying to load META-INF/validation.xml for XML based Validator configuration.
15:35:02.351 [main] DEBUG org.hibernate.validator.internal.xml.config.ResourceLoaderHelper - Trying to load META-INF/validation.xml via user class loader
15:35:02.351 [main] DEBUG org.hibernate.validator.internal.xml.config.ResourceLoaderHelper - Trying to load META-INF/validation.xml via TCCL
15:35:02.351 [main] DEBUG org.hibernate.validator.internal.xml.config.ResourceLoaderHelper - Trying to load META-INF/validation.xml via Hibernate Validator's class loader
15:35:02.352 [main] DEBUG org.hibernate.validator.internal.xml.config.ValidationXmlParser - No META-INF/validation.xml found. Using annotation based configuration only.
15:35:02.352 [main] DEBUG org.hibernate.validator.internal.engine.resolver.TraversableResolvers - Cannot find javax.persistence.Persistence on classpath. Assuming non JPA 2 environment. All properties will per default be traversable.
15:35:02.353 [main] DEBUG org.hibernate.validator.internal.engine.ValidatorFactoryConfigurationHelper - HV000252: Using org.hibernate.validator.internal.engine.DefaultPropertyNodeNameProvider as property node name provider.
15:35:02.353 [main] DEBUG org.hibernate.validator.internal.engine.ValidatorFactoryConfigurationHelper - HV000234: Using org.springframework.validation.beanvalidation.LocaleContextMessageInterpolator as ValidatorFactory-scoped message interpolator.
15:35:02.353 [main] DEBUG org.hibernate.validator.internal.engine.ValidatorFactoryConfigurationHelper - HV000234: Using org.hibernate.validator.internal.engine.resolver.TraverseAllTraversableResolver as ValidatorFactory-scoped traversable resolver.
15:35:02.353 [main] DEBUG org.hibernate.validator.internal.engine.ValidatorFactoryConfigurationHelper - HV000234: Using org.hibernate.validator.internal.util.ExecutableParameterNameProvider as ValidatorFactory-scoped parameter name provider.
15:35:02.353 [main] DEBUG org.hibernate.validator.internal.engine.ValidatorFactoryConfigurationHelper - HV000234: Using org.hibernate.validator.internal.engine.DefaultClockProvider as ValidatorFactory-scoped clock provider.
15:35:02.353 [main] DEBUG org.hibernate.validator.internal.engine.ValidatorFactoryConfigurationHelper - HV000234: Using org.hibernate.validator.internal.engine.scripting.DefaultScriptEvaluatorFactory as ValidatorFactory-scoped script evaluator factory.
15:35:02.353 [main] DEBUG org.springframework.beans.factory.support.DefaultListableBeanFactory - Autowiring by type from bean name 'requestMappingHandlerAdapter' via factory method to bean named 'webFluxAdapterRegistry'
15:35:02.353 [main] DEBUG org.springframework.beans.factory.support.DefaultListableBeanFactory - Autowiring by type from bean name 'requestMappingHandlerAdapter' via factory method to bean named 'serverCodecConfigurer'
15:35:02.355 [main] DEBUG org.springframework.beans.factory.support.DefaultListableBeanFactory - Autowiring by type from bean name 'requestMappingHandlerAdapter' via factory method to bean named 'webFluxConversionService'
15:35:02.355 [main] DEBUG org.springframework.beans.factory.support.DefaultListableBeanFactory - Autowiring by type from bean name 'requestMappingHandlerAdapter' via factory method to bean named 'webFluxValidator'
15:35:02.355 [main] DEBUG org.springframework.web.reactive.result.method.annotation.ControllerMethodResolver - ControllerAdvice beans: none
15:35:02.355 [main] DEBUG org.springframework.beans.factory.support.DefaultListableBeanFactory - Creating shared instance of singleton bean 'handlerFunctionAdapter'
15:35:02.355 [main] DEBUG org.springframework.beans.factory.support.DefaultListableBeanFactory - Creating shared instance of singleton bean 'simpleHandlerAdapter'
15:35:02.355 [main] DEBUG org.springframework.beans.factory.support.DefaultListableBeanFactory - Creating shared instance of singleton bean 'webFluxWebSocketHandlerAdapter'
15:35:02.356 [main] DEBUG org.springframework.beans.factory.support.DefaultListableBeanFactory - Creating shared instance of singleton bean 'responseEntityResultHandler'
15:35:02.356 [main] DEBUG org.springframework.beans.factory.support.DefaultListableBeanFactory - Autowiring by type from bean name 'responseEntityResultHandler' via factory method to bean named 'webFluxAdapterRegistry'
15:35:02.356 [main] DEBUG org.springframework.beans.factory.support.DefaultListableBeanFactory - Autowiring by type from bean name 'responseEntityResultHandler' via factory method to bean named 'serverCodecConfigurer'
15:35:02.356 [main] DEBUG org.springframework.beans.factory.support.DefaultListableBeanFactory - Autowiring by type from bean name 'responseEntityResultHandler' via factory method to bean named 'webFluxContentTypeResolver'
15:35:02.356 [main] DEBUG org.springframework.beans.factory.support.DefaultListableBeanFactory - Creating shared instance of singleton bean 'responseBodyResultHandler'
15:35:02.356 [main] DEBUG org.springframework.beans.factory.support.DefaultListableBeanFactory - Autowiring by type from bean name 'responseBodyResultHandler' via factory method to bean named 'webFluxAdapterRegistry'
15:35:02.356 [main] DEBUG org.springframework.beans.factory.support.DefaultListableBeanFactory - Autowiring by type from bean name 'responseBodyResultHandler' via factory method to bean named 'serverCodecConfigurer'
15:35:02.356 [main] DEBUG org.springframework.beans.factory.support.DefaultListableBeanFactory - Autowiring by type from bean name 'responseBodyResultHandler' via factory method to bean named 'webFluxContentTypeResolver'
15:35:02.357 [main] DEBUG org.springframework.beans.factory.support.DefaultListableBeanFactory - Creating shared instance of singleton bean 'viewResolutionResultHandler'
15:35:02.357 [main] DEBUG org.springframework.beans.factory.support.DefaultListableBeanFactory - Autowiring by type from bean name 'viewResolutionResultHandler' via factory method to bean named 'webFluxAdapterRegistry'
15:35:02.357 [main] DEBUG org.springframework.beans.factory.support.DefaultListableBeanFactory - Autowiring by type from bean name 'viewResolutionResultHandler' via factory method to bean named 'webFluxContentTypeResolver'
15:35:02.357 [main] DEBUG org.springframework.beans.factory.support.DefaultListableBeanFactory - Creating shared instance of singleton bean 'serverResponseResultHandler'
15:35:02.357 [main] DEBUG org.springframework.beans.factory.support.DefaultListableBeanFactory - Autowiring by type from bean name 'serverResponseResultHandler' via factory method to bean named 'serverCodecConfigurer'
15:35:02.357 [main] DEBUG org.springframework.beans.factory.support.DefaultListableBeanFactory - Creating shared instance of singleton bean 'responseStatusExceptionHandler'
15:35:02.357 [main] DEBUG org.springframework.beans.factory.support.DefaultListableBeanFactory - Creating shared instance of singleton bean 'localeContextResolver'
15:35:02.358 [main] DEBUG org.springframework.web.server.adapter.HttpWebHandlerAdapter - enableLoggingRequestDetails='false': form data and headers will be masked to prevent unsafe logging of potentially sensitive data
15:35:02.359 [main] DEBUG org.springframework.web.reactive.function.client.ExchangeFunctions - [83bb0f] HTTP GET /api/tacos?recent
15:35:02.359 [parallel-2] DEBUG org.springframework.test.web.reactive.server.HttpHandlerConnector - Writing client request for  GET "/api/tacos?recent"
15:35:02.359 [parallel-2] DEBUG org.springframework.test.web.reactive.server.HttpHandlerConnector - Invoking HttpHandler for  GET "/api/tacos?recent"
15:35:02.360 [parallel-2] DEBUG org.springframework.web.server.adapter.HttpWebHandlerAdapter - [47ac23eb] HTTP GET "/api/tacos?recent"
15:35:02.360 [parallel-2] DEBUG org.springframework.web.reactive.result.method.annotation.RequestMappingHandlerMapping - [47ac23eb] Mapped to tacos.web.api.TacoController#recentTacos()
15:35:02.361 [parallel-2] DEBUG org.springframework.web.reactive.result.method.annotation.ResponseBodyResultHandler - [47ac23eb] Using 'application/json' given [*/*] and supported [application/json]
15:35:02.361 [parallel-2] DEBUG org.springframework.web.reactive.result.method.annotation.ResponseBodyResultHandler - [47ac23eb] 0..N [tacos.Taco]
15:35:02.365 [parallel-2] DEBUG org.springframework.http.codec.json.Jackson2JsonEncoder - [47ac23eb] Encoding [[Taco(id=1, name=Taco 1, createdAt=Sat Sep 12 15:35:02 CST 2026, ingredients=[Ingredient(id=INGA, na (truncated)...]
15:35:02.367 [parallel-2] DEBUG org.springframework.test.web.reactive.server.HttpHandlerConnector - Creating client response for  GET "/api/tacos?recent"
15:35:02.367 [parallel-2] DEBUG org.springframework.web.server.adapter.HttpWebHandlerAdapter - [47ac23eb] Completed 200 OK
15:35:02.367 [parallel-2] DEBUG org.springframework.web.reactive.function.client.ExchangeFunctions - [83bb0f] [1cd77fe2] Response 200 OK
15:35:02.368 [main] DEBUG org.springframework.core.codec.ResourceDecoder - [83bb0f] [1cd77fe2] Read 2071 bytes
15:35:02.390 [main] DEBUG com.jayway.jsonpath.internal.path.CompiledPath - Evaluating path: $
15:35:02.394 [main] DEBUG com.jayway.jsonpath.internal.path.CompiledPath - Evaluating path: $
15:35:02.395 [main] DEBUG com.jayway.jsonpath.internal.path.CompiledPath - Evaluating path: $[0]['id']
15:35:02.395 [main] DEBUG com.jayway.jsonpath.internal.path.CompiledPath - Evaluating path: $[0]['name']
15:35:02.395 [main] DEBUG com.jayway.jsonpath.internal.path.CompiledPath - Evaluating path: $[1]['id']
15:35:02.396 [main] DEBUG com.jayway.jsonpath.internal.path.CompiledPath - Evaluating path: $[1]['name']
15:35:02.396 [main] DEBUG com.jayway.jsonpath.internal.path.CompiledPath - Evaluating path: $[11]['id']
15:35:02.396 [main] DEBUG com.jayway.jsonpath.internal.path.CompiledPath - Evaluating path: $[11]['name']
15:35:02.396 [main] DEBUG com.jayway.jsonpath.internal.path.CompiledPath - Evaluating path: $[12]
[INFO] Tests run: 2, Failures: 0, Errors: 0, Skipped: 0, Time elapsed: 1.232 s - in tacos.web.api.TacoControllerTest
[INFO] 
[INFO] Results:
[INFO] 
[INFO] Tests run: 2, Failures: 0, Errors: 0, Skipped: 0
[INFO] 
[INFO] 
[INFO] --- jar:3.2.2:jar (default-jar) @ tacocloud-api ---
[INFO] Building jar: C:\Users\danie\Documents\Taco-Cloud-Practice\tacocloud\tacocloud-api\target\tacocloud-api-0.0.17-SNAPSHOT.jar
[INFO] 
[INFO] --- install:2.5.2:install (default-install) @ tacocloud-api ---
[INFO] Installing C:\Users\danie\Documents\Taco-Cloud-Practice\tacocloud\tacocloud-api\target\tacocloud-api-0.0.17-SNAPSHOT.jar to C:\Users\danie\.m2\repository\sia\tacocloud-api\0.0.17-SNAPSHOT\tacocloud-api-0.0.17-SNAPSHOT.jar
[INFO] Installing C:\Users\danie\Documents\Taco-Cloud-Practice\tacocloud\tacocloud-api\pom.xml to C:\Users\danie\.m2\repository\sia\tacocloud-api\0.0.17-SNAPSHOT\tacocloud-api-0.0.17-SNAPSHOT.pom
[INFO] 
[INFO] --------------------------< sia:tacocloud-ui >--------------------------
[INFO] Building tacocloud-ui 0.0.17-SNAPSHOT                             [7/16]
[INFO]   from tacocloud-ui\pom.xml
[INFO] --------------------------------[ jar ]---------------------------------
[INFO] 
[INFO] --- clean:3.2.0:clean (default-clean) @ tacocloud-ui ---
[INFO] Deleting C:\Users\danie\Documents\Taco-Cloud-Practice\tacocloud\tacocloud-ui\target
[INFO] Deleting C:\Users\danie\Documents\Taco-Cloud-Practice\tacocloud\tacocloud-ui\dist (includes = [*], excludes = [])
[INFO] 
[INFO] --- frontend:1.4:install-node-and-npm (install node and npm) @ tacocloud-ui ---
[INFO] Node v12.22.9 is already installed.
[INFO] NPM 6.14.15 is already installed.
[INFO] 
[INFO] --- frontend:1.4:npm (npm install) @ tacocloud-ui ---
[INFO] Running 'npm install' in C:\Users\danie\Documents\Taco-Cloud-Practice\tacocloud\tacocloud-ui
[WARNING] npm WARN codelyzer@3.2.2 requires a peer of @angular/compiler@^2.3.1 || >=4.0.0-beta <5.0.0 but none is installed. You must install peer dependencies yourself.
[WARNING] npm WARN codelyzer@3.2.2 requires a peer of @angular/core@^2.3.1 || >=4.0.0-beta <5.0.0 but none is installed. You must install peer dependencies yourself.
[WARNING] npm WARN optional SKIPPING OPTIONAL DEPENDENCY: fsevents@2.3.3 (node_modules\watchpack\node_modules\fsevents):
[WARNING] npm WARN notsup SKIPPING OPTIONAL DEPENDENCY: Unsupported platform for fsevents@2.3.3: wanted {"os":"darwin","arch":"any"} (current: {"os":"win32","arch":"x64"})
[WARNING] npm WARN optional SKIPPING OPTIONAL DEPENDENCY: fsevents@1.2.13 (node_modules\fsevents):
[WARNING] npm WARN notsup SKIPPING OPTIONAL DEPENDENCY: Unsupported platform for fsevents@1.2.13: wanted {"os":"darwin","arch":"any"} (current: {"os":"win32","arch":"x64"})
[ERROR] 
[ERROR] npm notice This endpoint is being retired. Use the bulk advisory endpoint instead. See the following docs for more info: https://api-docs.npmjs.com/#tag/Audit
[INFO] audited 1318 packages in 3.01s
[INFO] 
[INFO] 119 packages are looking for funding
[INFO]   run `npm fund` for details
[INFO] 
[INFO] found 274 vulnerabilities (16 low, 111 moderate, 126 high, 21 critical)
[INFO]   run `npm audit fix` to fix them, or `npm audit` for details
[INFO] 
[INFO] --- frontend:1.4:npm (build) @ tacocloud-ui ---
[INFO] Running 'npm run-script build' in C:\Users\danie\Documents\Taco-Cloud-Practice\tacocloud\tacocloud-ui
[INFO] 
[INFO] > taco-web-ui@0.0.0 build C:\Users\danie\Documents\Taco-Cloud-Practice\tacocloud\tacocloud-ui
[INFO] > ng build --dev
[INFO] 
[INFO] Date: 2026-09-12T21:35:12.128Z
[INFO] Hash: c81606c603f2fa5e9baa
[INFO] Time: 2774ms
[INFO] chunk {inline} inline.bundle.js, inline.bundle.js.map (inline) 3.89 kB [entry] [rendered]
[INFO] chunk {main} main.bundle.js, main.bundle.js.map (main) 101 kB [initial] [rendered]
[INFO] chunk {polyfills} polyfills.bundle.js, polyfills.bundle.js.map (polyfills) 218 kB [initial] [rendered]
[INFO] chunk {styles} styles.bundle.js, styles.bundle.js.map (styles) 14.5 kB [initial] [rendered]
[INFO] chunk {vendor} vendor.bundle.js, vendor.bundle.js.map (vendor) 3.81 MB [initial] [rendered]
[INFO] 
[INFO] --- resources:3.2.0:resources (default-resources) @ tacocloud-ui ---
[INFO] Using 'UTF-8' encoding to copy filtered resources.
[INFO] Using 'UTF-8' encoding to copy filtered properties files.
[INFO] Copying 20 resources
[INFO] 
[INFO] --- compiler:3.10.1:compile (default-compile) @ tacocloud-ui ---
[INFO] No sources to compile
[INFO] 
[INFO] --- resources:3.2.0:testResources (default-testResources) @ tacocloud-ui ---
[INFO] Using 'UTF-8' encoding to copy filtered resources.
[INFO] Using 'UTF-8' encoding to copy filtered properties files.
[INFO] skip non existing resourceDirectory C:\Users\danie\Documents\Taco-Cloud-Practice\tacocloud\tacocloud-ui\src\test\resources
[INFO] 
[INFO] --- compiler:3.10.1:testCompile (default-testCompile) @ tacocloud-ui ---
[INFO] No sources to compile
[INFO] 
[INFO] --- surefire:2.22.2:test (default-test) @ tacocloud-ui ---
[INFO] No tests to run.
[INFO] 
[INFO] --- jar:3.2.2:jar (default-jar) @ tacocloud-ui ---
[INFO] Building jar: C:\Users\danie\Documents\Taco-Cloud-Practice\tacocloud\tacocloud-ui\target\tacocloud-ui-0.0.17-SNAPSHOT.jar
[INFO] 
[INFO] --- install:2.5.2:install (default-install) @ tacocloud-ui ---
[INFO] Installing C:\Users\danie\Documents\Taco-Cloud-Practice\tacocloud\tacocloud-ui\target\tacocloud-ui-0.0.17-SNAPSHOT.jar to C:\Users\danie\.m2\repository\sia\tacocloud-ui\0.0.17-SNAPSHOT\tacocloud-ui-0.0.17-SNAPSHOT.jar
[INFO] Installing C:\Users\danie\Documents\Taco-Cloud-Practice\tacocloud\tacocloud-ui\pom.xml to C:\Users\danie\.m2\repository\sia\tacocloud-ui\0.0.17-SNAPSHOT\tacocloud-ui-0.0.17-SNAPSHOT.pom
[INFO] 
[INFO] -------------------------< sia:tacocloud-jmx >--------------------------
[INFO] Building tacocloud-jmx 0.0.17-SNAPSHOT                            [8/16]
[INFO]   from tacocloud-jmx\pom.xml
[INFO] --------------------------------[ jar ]---------------------------------
[INFO] 
[INFO] --- clean:3.2.0:clean (default-clean) @ tacocloud-jmx ---
[INFO] Deleting C:\Users\danie\Documents\Taco-Cloud-Practice\tacocloud\tacocloud-jmx\target
[INFO] 
[INFO] --- resources:3.2.0:resources (default-resources) @ tacocloud-jmx ---
[INFO] Using 'UTF-8' encoding to copy filtered resources.
[INFO] Using 'UTF-8' encoding to copy filtered properties files.
[INFO] Copying 1 resource
[INFO] Copying 0 resource
[INFO] 
[INFO] --- compiler:3.10.1:compile (default-compile) @ tacocloud-jmx ---
[INFO] Changes detected - recompiling the module!
[INFO] Compiling 1 source file to C:\Users\danie\Documents\Taco-Cloud-Practice\tacocloud\tacocloud-jmx\target\classes
[INFO] 
[INFO] --- resources:3.2.0:testResources (default-testResources) @ tacocloud-jmx ---
[INFO] Using 'UTF-8' encoding to copy filtered resources.
[INFO] Using 'UTF-8' encoding to copy filtered properties files.
[INFO] skip non existing resourceDirectory C:\Users\danie\Documents\Taco-Cloud-Practice\tacocloud\tacocloud-jmx\src\test\resources
[INFO] 
[INFO] --- compiler:3.10.1:testCompile (default-testCompile) @ tacocloud-jmx ---
[INFO] No sources to compile
[INFO] 
[INFO] --- surefire:2.22.2:test (default-test) @ tacocloud-jmx ---
[INFO] No tests to run.
[INFO] 
[INFO] --- jar:3.2.2:jar (default-jar) @ tacocloud-jmx ---
[INFO] Building jar: C:\Users\danie\Documents\Taco-Cloud-Practice\tacocloud\tacocloud-jmx\target\tacocloud-jmx-0.0.17-SNAPSHOT.jar
[INFO] 
[INFO] --- install:2.5.2:install (default-install) @ tacocloud-jmx ---
[INFO] Installing C:\Users\danie\Documents\Taco-Cloud-Practice\tacocloud\tacocloud-jmx\target\tacocloud-jmx-0.0.17-SNAPSHOT.jar to C:\Users\danie\.m2\repository\sia\tacocloud-jmx\0.0.17-SNAPSHOT\tacocloud-jmx-0.0.17-SNAPSHOT.jar
[INFO] Installing C:\Users\danie\Documents\Taco-Cloud-Practice\tacocloud\tacocloud-jmx\pom.xml to C:\Users\danie\.m2\repository\sia\tacocloud-jmx\0.0.17-SNAPSHOT\tacocloud-jmx-0.0.17-SNAPSHOT.pom
[INFO] 
[INFO] ---------------------------< sia:tacocloud >----------------------------
[INFO] Building taco-cloud 0.0.17-SNAPSHOT                               [9/16]
[INFO]   from tacocloud\pom.xml
[INFO] --------------------------------[ jar ]---------------------------------
[INFO] 
[INFO] --- clean:3.2.0:clean (default-clean) @ tacocloud ---
[INFO] Deleting C:\Users\danie\Documents\Taco-Cloud-Practice\tacocloud\tacocloud\target
[INFO] 
[INFO] --- git-commit-id:4.9.10:revision (default) @ tacocloud ---
[INFO] dotGitDirectory C:\Users\danie\Documents\Taco-Cloud-Practice\.git
[INFO] Collected git.build.user.name with value eDanSaMa
[INFO] Collected git.build.user.email with value danielsalasmtz11@gmail.com
[INFO] Collected git.branch with value main
[INFO] --always = true
[INFO] --dirty = -dirty
[INFO] --abbrev = 7
[INFO] Tag refs [[]]
[INFO] Created map: [{}]
[INFO] evalCommit is [8a6ac4a18cc828dfd1f2ad49fbd6642fb789a6d5]
[INFO] Collected git.commit.id.describe with value 8a6ac4a-dirty
[INFO] Collected git.commit.id.describe-short with value 8a6ac4a-dirty
[INFO] Collected git.commit.id with value 8a6ac4a18cc828dfd1f2ad49fbd6642fb789a6d5
[INFO] Collected git.commit.id.abbrev with value 8a6ac4a
[INFO] Collected git.dirty with value true
[INFO] Collected git.commit.user.name with value Hector Oropeza
[INFO] Collected git.commit.user.email with value rhinohop@gmail.com
[INFO] Collected git.commit.message.full with value Merge pull request #1 from DanyGHub/fix/TCP-dependencias

Fix/tcp dependencias
[INFO] Collected git.commit.message.short with value Merge pull request #1 from DanyGHub/fix/TCP-dependencias
[INFO] Collected git.commit.time with value 2026-08-28T13:13:29-0600
[INFO] Collected git.commit.author.time with value 2026-08-28T13:13:29-0600
[INFO] Collected git.commit.committer.time with value 2026-08-28T13:13:29-0600
[INFO] Collected git.remote.origin.url with value https://github.com/rhinohop/Taco-Cloud-Practice.git
[INFO] Collected git.tags with value 
[INFO] evalCommit is [8a6ac4a18cc828dfd1f2ad49fbd6642fb789a6d5]
[INFO] Tag refs [[]]
[INFO] Created map: [{}]
[INFO] Collected git.closest.tag.name with value 
[INFO] evalCommit is [8a6ac4a18cc828dfd1f2ad49fbd6642fb789a6d5]
[INFO] Tag refs [[]]
[INFO] Created map: [{}]
[INFO] Collected git.closest.tag.commit.count with value 
[INFO] Collected git.total.commit.count with value 7
[INFO] Collected git.local.branch.ahead with value 0
[INFO] Collected git.local.branch.behind with value 0
[INFO] Collected git.build.time with value 2026-09-12T15:35:14-0600
[INFO] Collected git.build.version with value 0.0.17-SNAPSHOT
[INFO] Collected git.build.host with value EDan-ROG
[INFO] including property git.tags in results
[INFO] including property git.build.version in results
[INFO] including property git.branch in results
[INFO] including property git.build.host in results
[INFO] including property git.commit.id in results
[INFO] including property git.commit.user.email in results
[INFO] including property git.local.branch.behind in results
[INFO] including property git.commit.author.time in results
[INFO] including property git.build.user.name in results
[INFO] including property git.dirty in results
[INFO] including property git.closest.tag.commit.count in results
[INFO] including property git.commit.user.name in results
[INFO] including property git.commit.id.abbrev in results
[INFO] including property git.commit.id.describe-short in results
[INFO] including property git.total.commit.count in results
[INFO] including property git.commit.id.describe in results
[INFO] including property git.build.user.email in results
[INFO] including property git.commit.message.short in results
[INFO] including property git.commit.committer.time in results
[INFO] including property git.closest.tag.name in results
[INFO] including property git.local.branch.ahead in results
[INFO] including property git.commit.time in results
[INFO] including property git.build.time in results
[INFO] including property git.commit.message.full in results
[INFO] including property git.remote.origin.url in results
[INFO] Writing properties file to [C:\Users\danie\Documents\Taco-Cloud-Practice\tacocloud\tacocloud\target\classes\git.properties] (for module taco-cloud)...
[INFO] 
[INFO] --- spring-boot:2.7.18:build-info (default) @ tacocloud ---
[INFO] 
[INFO] --- resources:3.2.0:resources (default-resources) @ tacocloud ---
[INFO] Using 'UTF-8' encoding to copy filtered resources.
[INFO] Using 'UTF-8' encoding to copy filtered properties files.
[INFO] Copying 1 resource
[INFO] Copying 0 resource
[INFO] 
[INFO] --- compiler:3.10.1:compile (default-compile) @ tacocloud ---
[INFO] Changes detected - recompiling the module!
[INFO] Compiling 6 source files to C:\Users\danie\Documents\Taco-Cloud-Practice\tacocloud\tacocloud\target\classes
[INFO] 
[INFO] --- resources:3.2.0:testResources (default-testResources) @ tacocloud ---
[INFO] Using 'UTF-8' encoding to copy filtered resources.
[INFO] Using 'UTF-8' encoding to copy filtered properties files.
[INFO] Copying 1 resource
[INFO] 
[INFO] --- compiler:3.10.1:testCompile (default-testCompile) @ tacocloud ---
[INFO] Changes detected - recompiling the module!
[INFO] Compiling 5 source files to C:\Users\danie\Documents\Taco-Cloud-Practice\tacocloud\tacocloud\target\test-classes
[INFO] /C:/Users/danie/Documents/Taco-Cloud-Practice/tacocloud/tacocloud/src/test/java/tacos/DesignTacoControllerBrowserTest.java: Some input files use or override a deprecated API.
[INFO] /C:/Users/danie/Documents/Taco-Cloud-Practice/tacocloud/tacocloud/src/test/java/tacos/DesignTacoControllerBrowserTest.java: Recompile with -Xlint:deprecation for details.
[INFO] 
[INFO] --- surefire:2.22.2:test (default-test) @ tacocloud ---
[INFO] 
[INFO] -------------------------------------------------------
[INFO]  T E S T S
[INFO] -------------------------------------------------------
[INFO] Running tacos.DesignAndOrderTacosBrowserTest
[WARNING] Tests run: 1, Failures: 0, Errors: 0, Skipped: 1, Time elapsed: 0 s - in tacos.DesignAndOrderTacosBrowserTest
[INFO] Running tacos.DesignTacoControllerBrowserTest
15:35:16.285 [main] DEBUG org.springframework.test.context.BootstrapUtils - Instantiating CacheAwareContextLoaderDelegate from class [org.springframework.test.context.cache.DefaultCacheAwareContextLoaderDelegate]
15:35:16.292 [main] DEBUG org.springframework.test.context.BootstrapUtils - Instantiating BootstrapContext using constructor [public org.springframework.test.context.support.DefaultBootstrapContext(java.lang.Class,org.springframework.test.context.CacheAwareContextLoaderDelegate)]
15:35:16.318 [main] DEBUG org.springframework.test.context.BootstrapUtils - Instantiating TestContextBootstrapper for test class [tacos.DesignTacoControllerBrowserTest] from class [org.springframework.boot.test.context.SpringBootTestContextBootstrapper]
15:35:16.324 [main] INFO org.springframework.boot.test.context.SpringBootTestContextBootstrapper - Neither @ContextConfiguration nor @ContextHierarchy found for test class [tacos.DesignTacoControllerBrowserTest], using SpringBootContextLoader
15:35:16.326 [main] DEBUG org.springframework.test.context.support.AbstractContextLoader - Did not detect default resource location for test class [tacos.DesignTacoControllerBrowserTest]: class path resource [tacos/DesignTacoControllerBrowserTest-context.xml] does not exist
15:35:16.327 [main] DEBUG org.springframework.test.context.support.AbstractContextLoader - Did not detect default resource location for test class [tacos.DesignTacoControllerBrowserTest]: class path resource [tacos/DesignTacoControllerBrowserTestContext.groovy] does not exist
15:35:16.327 [main] INFO org.springframework.test.context.support.AbstractContextLoader - Could not detect default resource locations for test class [tacos.DesignTacoControllerBrowserTest]: no resource found for suffixes {-context.xml, Context.groovy}.
15:35:16.327 [main] INFO org.springframework.test.context.support.AnnotationConfigContextLoaderUtils - Could not detect default configuration classes for test class [tacos.DesignTacoControllerBrowserTest]: DesignTacoControllerBrowserTest does not declare any static, non-private, non-final, nested classes annotated with @Configuration.
15:35:16.360 [main] DEBUG org.springframework.test.context.support.ActiveProfilesUtils - Could not find an 'annotation declaring class' for annotation type [org.springframework.test.context.ActiveProfiles] and class [tacos.DesignTacoControllerBrowserTest]
15:35:16.398 [main] DEBUG org.springframework.context.annotation.ClassPathScanningCandidateComponentProvider - Identified candidate component class: file [C:\Users\danie\Documents\Taco-Cloud-Practice\tacocloud\tacocloud\target\classes\tacos\TacoCloudApplication.class]
15:35:16.402 [main] INFO org.springframework.boot.test.context.SpringBootTestContextBootstrapper - Found @SpringBootConfiguration tacos.TacoCloudApplication for test class tacos.DesignTacoControllerBrowserTest
15:35:16.457 [main] DEBUG org.springframework.boot.test.context.SpringBootTestContextBootstrapper - @TestExecutionListeners is not present for class [tacos.DesignTacoControllerBrowserTest]: using defaults.
15:35:16.457 [main] INFO org.springframework.boot.test.context.SpringBootTestContextBootstrapper - Loaded default TestExecutionListener class names from location [META-INF/spring.factories]: [org.springframework.boot.test.mock.mockito.MockitoTestExecutionListener, org.springframework.boot.test.mock.mockito.ResetMocksTestExecutionListener, org.springframework.boot.test.autoconfigure.restdocs.RestDocsTestExecutionListener, org.springframework.boot.test.autoconfigure.web.client.MockRestServiceServerResetTestExecutionListener, org.springframework.boot.test.autoconfigure.web.servlet.MockMvcPrintOnlyOnFailureTestExecutionListener, org.springframework.boot.test.autoconfigure.web.servlet.WebDriverTestExecutionListener, org.springframework.boot.test.autoconfigure.webservices.client.MockWebServiceServerTestExecutionListener, org.springframework.test.context.web.ServletTestExecutionListener, org.springframework.test.context.support.DirtiesContextBeforeModesTestExecutionListener, org.springframework.test.context.event.ApplicationEventsTestExecutionListener, org.springframework.test.context.support.DependencyInjectionTestExecutionListener, org.springframework.test.context.support.DirtiesContextTestExecutionListener, org.springframework.test.context.transaction.TransactionalTestExecutionListener, org.springframework.test.context.jdbc.SqlScriptsTestExecutionListener, org.springframework.test.context.event.EventPublishingTestExecutionListener]
15:35:16.467 [main] INFO org.springframework.boot.test.context.SpringBootTestContextBootstrapper - Using TestExecutionListeners: [org.springframework.test.context.web.ServletTestExecutionListener@c5dc4a2, org.springframework.test.context.support.DirtiesContextBeforeModesTestExecutionListener@4a194c39, org.springframework.test.context.event.ApplicationEventsTestExecutionListener@52066604, org.springframework.boot.test.mock.mockito.MockitoTestExecutionListener@340b9973, org.springframework.boot.test.autoconfigure.SpringBootDependencyInjectionTestExecutionListener@56113384, org.springframework.test.context.support.DirtiesContextTestExecutionListener@5669c5fb, org.springframework.test.context.transaction.TransactionalTestExecutionListener@373ebf74, org.springframework.test.context.jdbc.SqlScriptsTestExecutionListener@5f9678e1, org.springframework.test.context.event.EventPublishingTestExecutionListener@c4ed84, org.springframework.boot.test.mock.mockito.ResetMocksTestExecutionListener@189aa67a, org.springframework.boot.test.autoconfigure.restdocs.RestDocsTestExecutionListener@5a9d6f02, org.springframework.boot.test.autoconfigure.web.client.MockRestServiceServerResetTestExecutionListener@362045c0, org.springframework.boot.test.autoconfigure.web.servlet.MockMvcPrintOnlyOnFailureTestExecutionListener@112f364d, org.springframework.boot.test.autoconfigure.web.servlet.WebDriverTestExecutionListener@5ccbeb64, org.springframework.boot.test.autoconfigure.webservices.client.MockWebServiceServerTestExecutionListener@6d9f7a80]
15:35:16.470 [main] DEBUG org.springframework.test.context.support.AbstractDirtiesContextTestExecutionListener - Before test class: context [DefaultTestContext@178213b testClass = DesignTacoControllerBrowserTest, testInstance = [null], testMethod = [null], testException = [null], mergedContextConfiguration = [WebMergedContextConfiguration@7103cb56 testClass = DesignTacoControllerBrowserTest, locations = '{}', classes = '{class tacos.TacoCloudApplication}', contextInitializerClasses = '[]', activeProfiles = '{}', propertySourceLocations = '{classpath:taco-test.properties}', propertySourceProperties = '{org.springframework.boot.test.context.SpringBootTestContextBootstrapper=true, server.port=0}', contextCustomizers = set[org.springframework.boot.test.context.filter.ExcludeFilterContextCustomizer@15888343, org.springframework.boot.test.json.DuplicateJsonObjectContextCustomizerFactory$DuplicateJsonObjectContextCustomizer@6a8658ff, org.springframework.boot.test.mock.mockito.MockitoContextCustomizer@0, org.springframework.boot.test.web.client.TestRestTemplateContextCustomizer@23f5b5dc, org.springframework.boot.test.web.reactive.server.WebTestClientContextCustomizer@20b2475a, org.springframework.boot.test.autoconfigure.actuate.metrics.MetricsExportContextCustomizerFactory$DisableMetricExportContextCustomizer@58e1d9d, org.springframework.boot.test.autoconfigure.properties.PropertyMappingContextCustomizer@0, org.springframework.boot.test.autoconfigure.web.servlet.WebDriverContextCustomizerFactory$Customizer@626abbd0, org.springframework.boot.test.context.SpringBootTestArgs@1, org.springframework.boot.test.context.SpringBootTestWebEnvironment@71a794e5], resourceBasePath = 'src/main/webapp', contextLoader = 'org.springframework.boot.test.context.SpringBootContextLoader', parent = [null]], attributes = map['org.springframework.test.context.web.ServletTestExecutionListener.activateListener' -> false]], class annotated with @DirtiesContext [false] with mode [null].
15:35:16.485 [main] DEBUG io.github.bonigarcia.wdm.WebDriverManager - Using WebDriverManager 5.8.0
15:35:16.735 [main] DEBUG io.github.bonigarcia.wdm.cache.ResolutionCache - Resolution edge=153 in cache (valid until 16:28:12 12/09/2026 CST)
15:35:16.736 [main] DEBUG io.github.bonigarcia.wdm.cache.ResolutionCache - Resolution edge153=153.0.4234.32 in cache (valid until 15:28:12 13/09/2026 CST)
15:35:16.737 [main] INFO io.github.bonigarcia.wdm.WebDriverManager - Using msedgedriver 153.0.4234.32 (resolved driver for Edge 153)
15:35:16.769 [main] DEBUG io.github.bonigarcia.wdm.WebDriverManager - Driver msedgedriver 153.0.4234.32 found in cache
15:35:16.770 [main] INFO io.github.bonigarcia.wdm.WebDriverManager - Exporting webdriver.edge.driver as C:\Users\danie\.cache\selenium\msedgedriver\win64\153.0.4234.32\msedgedriver.exe
15:35:16.850 [main] DEBUG io.netty.util.internal.logging.InternalLoggerFactory - Using SLF4J as the default logging framework
15:35:16.851 [main] DEBUG io.netty.util.ResourceLeakDetector - -Dio.netty.leakDetection.level: simple
15:35:16.851 [main] DEBUG io.netty.util.ResourceLeakDetector - -Dio.netty.leakDetection.targetRecords: 4
15:35:16.854 [main] DEBUG io.netty.util.ResourceLeakDetectorFactory - Loaded default ResourceLeakDetector: io.netty.util.ResourceLeakDetector@5328a9c1
15:35:16.864 [main] DEBUG io.netty.util.internal.PlatformDependent0 - -Dio.netty.noUnsafe: false
15:35:16.864 [main] DEBUG io.netty.util.internal.PlatformDependent0 - Java version: 21
15:35:16.865 [main] DEBUG io.netty.util.internal.PlatformDependent0 - sun.misc.Unsafe.theUnsafe: available
15:35:16.866 [main] DEBUG io.netty.util.internal.PlatformDependent0 - sun.misc.Unsafe.copyMemory: available
15:35:16.866 [main] DEBUG io.netty.util.internal.PlatformDependent0 - sun.misc.Unsafe.storeFence: available
15:35:16.866 [main] DEBUG io.netty.util.internal.PlatformDependent0 - java.nio.Buffer.address: available
15:35:16.867 [main] DEBUG io.netty.util.internal.PlatformDependent0 - direct buffer constructor: unavailable: Reflective setAccessible(true) disabled
15:35:16.867 [main] DEBUG io.netty.util.internal.PlatformDependent0 - java.nio.Bits.unaligned: available, true
15:35:16.868 [main] DEBUG io.netty.util.internal.PlatformDependent0 - jdk.internal.misc.Unsafe.allocateUninitializedArray(int): unavailable: class io.netty.util.internal.PlatformDependent0$7 cannot access class jdk.internal.misc.Unsafe (in module java.base) because module java.base does not export jdk.internal.misc to unnamed module @b3d7190
15:35:16.868 [main] DEBUG io.netty.util.internal.PlatformDependent0 - java.nio.DirectByteBuffer.<init>(long, {int,long}): unavailable
15:35:16.868 [main] DEBUG io.netty.util.internal.PlatformDependent - sun.misc.Unsafe: available
15:35:16.868 [main] DEBUG io.netty.util.internal.PlatformDependent - -Dio.netty.tmpdir: C:\Users\danie\AppData\Local\Temp (java.io.tmpdir)
15:35:16.868 [main] DEBUG io.netty.util.internal.PlatformDependent - -Dio.netty.bitMode: 64 (sun.arch.data.model)
15:35:16.868 [main] DEBUG io.netty.util.internal.PlatformDependent - Platform: Windows
15:35:16.869 [main] DEBUG io.netty.util.internal.PlatformDependent - -Dio.netty.maxDirectMemory: -1 bytes
15:35:16.869 [main] DEBUG io.netty.util.internal.PlatformDependent - -Dio.netty.uninitializedArrayAllocationThreshold: -1
15:35:16.870 [main] DEBUG io.netty.util.internal.CleanerJava9 - java.nio.ByteBuffer.cleaner(): available
15:35:16.870 [main] DEBUG io.netty.util.internal.PlatformDependent - -Dio.netty.noPreferDirect: false
15:35:16.875 [main] DEBUG io.netty.util.internal.PlatformDependent - org.jctools-core.MpscChunkedArrayQueue: available
15:35:16.884 [main] DEBUG io.netty.util.internal.InternalThreadLocalMap - -Dio.netty.threadLocalMap.stringBuilder.initialSize: 1024
15:35:16.884 [main] DEBUG io.netty.util.internal.InternalThreadLocalMap - -Dio.netty.threadLocalMap.stringBuilder.maxSize: 4096
15:35:16.908 [main] DEBUG io.netty.handler.ssl.JdkSslContext - Default protocols (JDK): [TLSv1.3, TLSv1.2] 
15:35:16.908 [main] DEBUG io.netty.handler.ssl.JdkSslContext - Default cipher suites (JDK): [TLS_ECDHE_ECDSA_WITH_AES_256_GCM_SHA384, TLS_ECDHE_ECDSA_WITH_AES_128_GCM_SHA256, TLS_ECDHE_RSA_WITH_AES_128_GCM_SHA256, TLS_ECDHE_RSA_WITH_AES_256_GCM_SHA384, TLS_ECDHE_RSA_WITH_AES_128_CBC_SHA, TLS_ECDHE_RSA_WITH_AES_256_CBC_SHA, TLS_AES_128_GCM_SHA256, TLS_AES_256_GCM_SHA384]
15:35:16.917 [main] DEBUG io.netty.util.concurrent.GlobalEventExecutor - -Dio.netty.globalEventExecutor.quietPeriodSeconds: 1
15:35:16.925 [main] DEBUG io.netty.channel.MultithreadEventLoopGroup - -Dio.netty.eventLoopThreads: 64
15:35:16.929 [main] DEBUG io.netty.channel.nio.NioEventLoop - -Dio.netty.noKeySetOptimization: false
15:35:16.929 [main] DEBUG io.netty.channel.nio.NioEventLoop - -Dio.netty.selectorAutoRebuildThreshold: 512
15:35:17.001 [main] DEBUG io.netty.buffer.PooledByteBufAllocator - -Dio.netty.allocator.numHeapArenas: 64
15:35:17.001 [main] DEBUG io.netty.buffer.PooledByteBufAllocator - -Dio.netty.allocator.numDirectArenas: 64
15:35:17.001 [main] DEBUG io.netty.buffer.PooledByteBufAllocator - -Dio.netty.allocator.pageSize: 8192
15:35:17.001 [main] DEBUG io.netty.buffer.PooledByteBufAllocator - -Dio.netty.allocator.maxOrder: 9
15:35:17.001 [main] DEBUG io.netty.buffer.PooledByteBufAllocator - -Dio.netty.allocator.chunkSize: 4194304
15:35:17.001 [main] DEBUG io.netty.buffer.PooledByteBufAllocator - -Dio.netty.allocator.smallCacheSize: 256
15:35:17.001 [main] DEBUG io.netty.buffer.PooledByteBufAllocator - -Dio.netty.allocator.normalCacheSize: 64
15:35:17.001 [main] DEBUG io.netty.buffer.PooledByteBufAllocator - -Dio.netty.allocator.maxCachedBufferCapacity: 32768
15:35:17.001 [main] DEBUG io.netty.buffer.PooledByteBufAllocator - -Dio.netty.allocator.cacheTrimInterval: 8192
15:35:17.002 [main] DEBUG io.netty.buffer.PooledByteBufAllocator - -Dio.netty.allocator.cacheTrimIntervalMillis: 0
15:35:17.002 [main] DEBUG io.netty.buffer.PooledByteBufAllocator - -Dio.netty.allocator.useCacheForAllThreads: false
15:35:17.002 [main] DEBUG io.netty.buffer.PooledByteBufAllocator - -Dio.netty.allocator.maxCachedByteBuffersPerChunk: 1023
15:35:17.011 [main] DEBUG io.netty.buffer.ByteBufUtil - -Dio.netty.allocator.type: pooled
15:35:17.011 [main] DEBUG io.netty.buffer.ByteBufUtil - -Dio.netty.threadLocalDirectBufferSize: 0
15:35:17.011 [main] DEBUG io.netty.buffer.ByteBufUtil - -Dio.netty.maxThreadLocalCharBufferSize: 16384
Starting msedgedriver 153.0.4234.32 (9aab8632678bdbd60c393455e1394ee523ba682d) on port 19586
To submit feedback, report a bug, or suggest new features, please visit https://github.com/MicrosoftEdge/EdgeWebDriver

Only local connections are allowed.
Please see https://aka.ms/WebDriverSecurity for suggestions on keeping Microsoft Edge WebDriver safe.
msedgedriver was started successfully on port 19586.
15:35:17.198 [Forwarding newSession on session null to remote] DEBUG io.netty.channel.DefaultChannelId - -Dio.netty.processId: 19316 (auto-detected)
15:35:17.200 [Forwarding newSession on session null to remote] DEBUG io.netty.util.NetUtil - -Djava.net.preferIPv4Stack: false
15:35:17.200 [Forwarding newSession on session null to remote] DEBUG io.netty.util.NetUtil - -Djava.net.preferIPv6Addresses: false
15:35:17.202 [Forwarding newSession on session null to remote] DEBUG io.netty.util.NetUtilInitializations - Loopback interface: loopback_0 (Software Loopback Interface 1, 0:0:0:0:0:0:0:1)
15:35:17.202 [Forwarding newSession on session null to remote] DEBUG io.netty.util.NetUtil - Failed to get SOMAXCONN from sysctl and file \proc\sys\net\core\somaxconn. Default: 200
15:35:17.203 [Forwarding newSession on session null to remote] DEBUG io.netty.channel.DefaultChannelId - -Dio.netty.machineId: 48:45:e6:ff:fe:f0:11:93 (auto-detected)
15:35:17.218 [Forwarding newSession on session null to remote] DEBUG io.netty.bootstrap.ChannelInitializerExtensions - -Dio.netty.bootstrap.extensions: null
15:35:17.233 [AsyncHttpClient-1-2] DEBUG io.netty.buffer.AbstractByteBuf - -Dio.netty.buffer.checkAccessible: true
15:35:17.233 [AsyncHttpClient-1-2] DEBUG io.netty.buffer.AbstractByteBuf - -Dio.netty.buffer.checkBounds: true
15:35:17.233 [AsyncHttpClient-1-2] DEBUG io.netty.util.ResourceLeakDetectorFactory - Loaded default ResourceLeakDetector: io.netty.util.ResourceLeakDetector@6906b539
15:35:17.245 [AsyncHttpClient-1-2] DEBUG org.asynchttpclient.netty.channel.NettyConnectListener - Using new Channel '[id: 0x77492cf7, L:/127.0.0.1:58822 - R:localhost/127.0.0.1:19586]' for 'POST' to '/session'
15:35:17.261 [AsyncHttpClient-1-2] DEBUG io.netty.util.Recycler - -Dio.netty.recycler.maxCapacityPerThread: 4096
15:35:17.261 [AsyncHttpClient-1-2] DEBUG io.netty.util.Recycler - -Dio.netty.recycler.ratio: 8
15:35:17.261 [AsyncHttpClient-1-2] DEBUG io.netty.util.Recycler - -Dio.netty.recycler.chunkSize: 32
15:35:17.261 [AsyncHttpClient-1-2] DEBUG io.netty.util.Recycler - -Dio.netty.recycler.blocking: false
15:35:17.261 [AsyncHttpClient-1-2] DEBUG io.netty.util.Recycler - -Dio.netty.recycler.batchFastThreadLocalOnly: true
15:35:17.653 [AsyncHttpClient-1-2] DEBUG io.netty.handler.codec.compression.Brotli - brotli4j not in the classpath; Brotli support will be unavailable.
15:35:17.653 [AsyncHttpClient-1-2] DEBUG org.asynchttpclient.netty.handler.HttpHandler - 

Request DefaultHttpRequest(decodeResult: success, version: HTTP/1.1)
POST /session HTTP/1.1
User-Agent: selenium/4.8.3 (java windows)
Content-Length: 501
Content-Type: application/json; charset=utf-8
host: localhost:19586
accept: */*

Response DefaultHttpResponse(decodeResult: success, version: HTTP/1.1)
HTTP/1.1 200 OK
Content-Length: 911
Content-Type: application/json; charset=utf-8
cache-control: no-cache

15:35:17.659 [AsyncHttpClient-1-2] DEBUG org.asynchttpclient.netty.channel.ChannelManager - Adding key: http://localhost:19586 for channel [id: 0x77492cf7, L:/127.0.0.1:58822 - R:localhost/127.0.0.1:19586]
15:35:17.711 [AsyncHttpClient-1-3] DEBUG org.asynchttpclient.netty.channel.NettyConnectListener - Using new Channel '[id: 0x8715a0a8, L:/127.0.0.1:56215 - R:localhost/127.0.0.1:58823]' for 'GET' to '/json/version'
15:35:17.714 [AsyncHttpClient-1-3] DEBUG org.asynchttpclient.netty.handler.HttpHandler - 

Request DefaultFullHttpRequest(decodeResult: success, version: HTTP/1.1, content: EmptyByteBufBE)
GET /json/version HTTP/1.1
User-Agent: selenium/4.8.3 (java windows)
host: localhost:58823
accept: */*

Response DefaultHttpResponse(decodeResult: success, version: HTTP/1.1)
HTTP/1.1 200 OK
Content-Security-Policy: frame-ancestors 'none'
Content-Length: 440
Content-Type: application/json; charset=UTF-8

15:35:17.714 [AsyncHttpClient-1-3] DEBUG org.asynchttpclient.netty.channel.ChannelManager - Adding key: http://localhost:58823 for channel [id: 0x8715a0a8, L:/127.0.0.1:56215 - R:localhost/127.0.0.1:58823]
15:35:17.721 [main] DEBUG io.netty.util.internal.ThreadLocalRandom - -Dio.netty.initialSeedUniquifier: 0x910a53702eabcc51
15:35:17.723 [AsyncHttpClient-1-4] DEBUG org.asynchttpclient.netty.channel.NettyConnectListener - Using new Channel '[id: 0x87d652f2, L:/127.0.0.1:56216 - R:localhost/127.0.0.1:58823]' for 'GET' to '/devtools/browser/86ea51c4-5f5d-4a8d-b683-3a08e0a37b0a'
15:35:17.726 [AsyncHttpClient-1-4] DEBUG org.asynchttpclient.netty.handler.WebSocketHandler - 

Request DefaultFullHttpRequest(decodeResult: success, version: HTTP/1.1, content: EmptyByteBufBE)
GET /devtools/browser/86ea51c4-5f5d-4a8d-b683-3a08e0a37b0a HTTP/1.1
upgrade: websocket
connection: upgrade
sec-websocket-key: WWiBhU9h/edIj2jZUC1XIw==
sec-websocket-version: 13
origin: http://localhost:58823
host: localhost:58823
accept: */*
user-agent: AHC/2.1

Response DefaultHttpResponse(decodeResult: success, version: HTTP/1.1)
HTTP/1.1 101 WebSocket Protocol Handshake
Upgrade: WebSocket
Connection: Upgrade
Sec-WebSocket-Accept: WAvYlgCqvIe1BCuUMDFQybFIve0=

sept 12, 2026 3:35:17 P.�M. org.openqa.selenium.devtools.CdpVersionFinder findNearestMatch
WARNING: Unable to find CDP implementation matching 153
sept 12, 2026 3:35:17 P.�M. org.openqa.selenium.chromium.ChromiumDriver lambda$new$3
WARNING: Unable to find version of CDP to use for . You may need to include a dependency on a specific version of the CDP using something similar to `org.seleniumhq.selenium:selenium-devtools-v86:4.8.3` where the version ("v86") matches the version of the chromium-based browser you're using and the version number of the artifact is the same as Selenium's.
15:35:17.764 [Forwarding setTimeout on session d285962c62da87266ee1b7544b0a06b6 to remote] DEBUG org.asynchttpclient.netty.request.NettyRequestSender - Using pooled Channel '[id: 0x77492cf7, L:/127.0.0.1:58822 - R:localhost/127.0.0.1:19586]' for 'POST' to 'http://localhost:19586/session/d285962c62da87266ee1b7544b0a06b6/timeouts'
15:35:17.764 [Forwarding setTimeout on session d285962c62da87266ee1b7544b0a06b6 to remote] DEBUG org.asynchttpclient.netty.request.NettyRequestSender - Using open Channel [id: 0x77492cf7, L:/127.0.0.1:58822 - R:localhost/127.0.0.1:19586] for POST '/session/d285962c62da87266ee1b7544b0a06b6/timeouts'
15:35:17.767 [AsyncHttpClient-1-2] DEBUG org.asynchttpclient.netty.handler.HttpHandler - 

Request DefaultHttpRequest(decodeResult: success, version: HTTP/1.1)
POST /session/d285962c62da87266ee1b7544b0a06b6/timeouts HTTP/1.1
User-Agent: selenium/4.8.3 (java windows)
Content-Length: 23
Content-Type: application/json; charset=utf-8
host: localhost:19586
accept: */*

Response DefaultHttpResponse(decodeResult: success, version: HTTP/1.1)
HTTP/1.1 200 OK
Content-Length: 14
Content-Type: application/json; charset=utf-8
cache-control: no-cache

15:35:17.767 [AsyncHttpClient-1-2] DEBUG org.asynchttpclient.netty.channel.ChannelManager - Adding key: http://localhost:19586 for channel [id: 0x77492cf7, L:/127.0.0.1:58822 - R:localhost/127.0.0.1:19586]
15:35:17.774 [main] DEBUG org.springframework.test.context.support.DependencyInjectionTestExecutionListener - Performing dependency injection for test context [[DefaultTestContext@178213b testClass = DesignTacoControllerBrowserTest, testInstance = tacos.DesignTacoControllerBrowserTest@ef60710, testMethod = [null], testException = [null], mergedContextConfiguration = [WebMergedContextConfiguration@7103cb56 testClass = DesignTacoControllerBrowserTest, locations = '{}', classes = '{class tacos.TacoCloudApplication}', contextInitializerClasses = '[]', activeProfiles = '{}', propertySourceLocations = '{classpath:taco-test.properties}', propertySourceProperties = '{org.springframework.boot.test.context.SpringBootTestContextBootstrapper=true, server.port=0}', contextCustomizers = set[org.springframework.boot.test.context.filter.ExcludeFilterContextCustomizer@15888343, org.springframework.boot.test.json.DuplicateJsonObjectContextCustomizerFactory$DuplicateJsonObjectContextCustomizer@6a8658ff, org.springframework.boot.test.mock.mockito.MockitoContextCustomizer@0, org.springframework.boot.test.web.client.TestRestTemplateContextCustomizer@23f5b5dc, org.springframework.boot.test.web.reactive.server.WebTestClientContextCustomizer@20b2475a, org.springframework.boot.test.autoconfigure.actuate.metrics.MetricsExportContextCustomizerFactory$DisableMetricExportContextCustomizer@58e1d9d, org.springframework.boot.test.autoconfigure.properties.PropertyMappingContextCustomizer@0, org.springframework.boot.test.autoconfigure.web.servlet.WebDriverContextCustomizerFactory$Customizer@626abbd0, org.springframework.boot.test.context.SpringBootTestArgs@1, org.springframework.boot.test.context.SpringBootTestWebEnvironment@71a794e5], resourceBasePath = 'src/main/webapp', contextLoader = 'org.springframework.boot.test.context.SpringBootContextLoader', parent = [null]], attributes = map['org.springframework.test.context.web.ServletTestExecutionListener.activateListener' -> false, 'org.springframework.test.context.event.ApplicationEventsTestExecutionListener.recordApplicationEvents' -> false]]].

  .   ____          _            __ _ _
 /\\ / ___'_ __ _ _(_)_ __  __ _ \ \ \ \
( ( )\___ | '_ | '_| | '_ \/ _` | \ \ \ \
 \\/  ___)| |_)| | | | | || (_| |  ) ) ) )
  '  |____| .__|_| |_|_| |_\__, | / / / /
 =========|_|==============|___/=/_/_/_/
 :: Spring Boot ::               (v2.7.18)

2026-09-12 15:35:18.029  INFO 19316 --- [           main] tacos.DesignTacoControllerBrowserTest    : Starting DesignTacoControllerBrowserTest using Java 21.0.12 on EDan-ROG with PID 19316 (started by danie in C:\Users\danie\Documents\Taco-Cloud-Practice\tacocloud\tacocloud)
2026-09-12 15:35:18.030  INFO 19316 --- [           main] tacos.DesignTacoControllerBrowserTest    : No active profile set, falling back to 1 default profile: "default"
2026-09-12 15:35:18.045  WARN 19316 --- [           main] o.s.b.c.config.ConfigDataEnvironment     : Property 'spring.profiles' imported from location 'class path resource [application.yml]' is invalid and should be replaced with 'spring.config.activate.on-profile' [origin: class path resource [application.yml] - 92:13]
2026-09-12 15:35:18.821  INFO 19316 --- [           main] .s.d.r.c.RepositoryConfigurationDelegate : Bootstrapping Spring Data Reactive MongoDB repositories in DEFAULT mode.
2026-09-12 15:35:18.914  INFO 19316 --- [           main] .s.d.r.c.RepositoryConfigurationDelegate : Finished Spring Data repository scanning in 90 ms. Found 5 Reactive MongoDB repository interfaces.
2026-09-12 15:35:19.475  INFO 19316 --- [           main] o.s.b.w.embedded.tomcat.TomcatWebServer  : Tomcat initialized with port(s): 0 (http)
2026-09-12 15:35:19.481  INFO 19316 --- [           main] o.apache.catalina.core.StandardService   : Starting service [Tomcat]
2026-09-12 15:35:19.482  INFO 19316 --- [           main] org.apache.catalina.core.StandardEngine  : Starting Servlet engine: [Apache Tomcat/9.0.83]
2026-09-12 15:35:19.595  INFO 19316 --- [           main] o.a.c.c.C.[Tomcat].[localhost].[/]       : Initializing Spring embedded WebApplicationContext
2026-09-12 15:35:19.596  INFO 19316 --- [           main] w.s.c.ServletWebServerApplicationContext : Root WebApplicationContext: initialization completed in 1548 ms
2026-09-12 15:35:20.103  INFO 19316 --- [           main] o.s.b.a.mongo.embedded.EmbeddedMongo     : Extract C:\Users\danie\.embedmongo\win32\mongodb-win32-x86_64-2008plus-ssl-4.0.12.zip : starting...
2026-09-12 15:35:20.356  INFO 19316 --- [           main] o.s.b.a.mongo.embedded.EmbeddedMongo     : Extract C:\Users\danie\.embedmongo\win32\mongodb-win32-x86_64-2008plus-ssl-4.0.12.zip : extract mongodb-win32-x86_64-2008plus-ssl-4.0.12/bin/mongod.exe
2026-09-12 15:35:20.357  INFO 19316 --- [           main] o.s.b.a.mongo.embedded.EmbeddedMongo     : Extract C:\Users\danie\.embedmongo\win32\mongodb-win32-x86_64-2008plus-ssl-4.0.12.zip : nothing left
2026-09-12 15:35:20.357  INFO 19316 --- [           main] o.s.b.a.mongo.embedded.EmbeddedMongo     : Extract C:\Users\danie\.embedmongo\win32\mongodb-win32-x86_64-2008plus-ssl-4.0.12.zip : finished
java.lang.reflect.InaccessibleObjectException: Unable to make field private final long java.lang.ProcessImpl.handle accessible: module java.base does not "opens java.lang" to unnamed module @b3d7190
	at java.base/java.lang.reflect.AccessibleObject.throwInaccessibleObjectException(AccessibleObject.java:391)
	at java.base/java.lang.reflect.AccessibleObject.checkCanSetAccessible(AccessibleObject.java:367)
	at java.base/java.lang.reflect.AccessibleObject.checkCanSetAccessible(AccessibleObject.java:315)
	at java.base/java.lang.reflect.Field.checkCanSetAccessible(Field.java:183)
	at java.base/java.lang.reflect.Field.setAccessible(Field.java:177)
	at de.flapdoodle.embed.process.runtime.Processes.windowsProcessId(Processes.java:115)
	at de.flapdoodle.embed.process.runtime.Processes.access$200(Processes.java:48)
	at de.flapdoodle.embed.process.runtime.Processes$PidHelper$3.getPid(Processes.java:220)
	at de.flapdoodle.embed.process.runtime.Processes.processId(Processes.java:83)
	at de.flapdoodle.embed.process.runtime.ProcessControl.<init>(ProcessControl.java:65)
	at de.flapdoodle.embed.process.runtime.ProcessControl.start(ProcessControl.java:165)
	at de.flapdoodle.embed.process.runtime.AbstractProcess.<init>(AbstractProcess.java:98)
	at de.flapdoodle.embed.mongo.AbstractMongoProcess.<init>(AbstractMongoProcess.java:55)
	at de.flapdoodle.embed.mongo.MongodProcess.<init>(MongodProcess.java:50)
	at de.flapdoodle.embed.mongo.MongodExecutable.start(MongodExecutable.java:44)
	at de.flapdoodle.embed.mongo.MongodExecutable.start(MongodExecutable.java:34)
	at de.flapdoodle.embed.process.runtime.Executable.start(Executable.java:109)
	at java.base/jdk.internal.reflect.DirectMethodHandleAccessor.invoke(DirectMethodHandleAccessor.java:103)
	at java.base/java.lang.reflect.Method.invoke(Method.java:580)
	at org.springframework.beans.factory.support.AbstractAutowireCapableBeanFactory.invokeCustomInitMethod(AbstractAutowireCapableBeanFactory.java:1930)
	at org.springframework.beans.factory.support.AbstractAutowireCapableBeanFactory.invokeInitMethods(AbstractAutowireCapableBeanFactory.java:1872)
	at org.springframework.beans.factory.support.AbstractAutowireCapableBeanFactory.initializeBean(AbstractAutowireCapableBeanFactory.java:1800)
	at org.springframework.beans.factory.support.AbstractAutowireCapableBeanFactory.doCreateBean(AbstractAutowireCapableBeanFactory.java:620)
	at org.springframework.beans.factory.support.AbstractAutowireCapableBeanFactory.createBean(AbstractAutowireCapableBeanFactory.java:542)
	at org.springframework.beans.factory.support.AbstractBeanFactory.lambda$doGetBean$0(AbstractBeanFactory.java:335)
	at org.springframework.beans.factory.support.DefaultSingletonBeanRegistry.getSingleton(DefaultSingletonBeanRegistry.java:234)
	at org.springframework.beans.factory.support.AbstractBeanFactory.doGetBean(AbstractBeanFactory.java:333)
	at org.springframework.beans.factory.support.AbstractBeanFactory.getBean(AbstractBeanFactory.java:208)
	at org.springframework.beans.factory.support.AbstractBeanFactory.doGetBean(AbstractBeanFactory.java:322)
	at org.springframework.beans.factory.support.AbstractBeanFactory.getBean(AbstractBeanFactory.java:208)
	at org.springframework.beans.factory.config.DependencyDescriptor.resolveCandidate(DependencyDescriptor.java:276)
	at org.springframework.beans.factory.support.DefaultListableBeanFactory.doResolveDependency(DefaultListableBeanFactory.java:1391)
	at org.springframework.beans.factory.support.DefaultListableBeanFactory.resolveDependency(DefaultListableBeanFactory.java:1311)
	at org.springframework.beans.factory.support.ConstructorResolver.resolveAutowiredArgument(ConstructorResolver.java:911)
	at org.springframework.beans.factory.support.ConstructorResolver.createArgumentArray(ConstructorResolver.java:788)
	at org.springframework.beans.factory.support.ConstructorResolver.instantiateUsingFactoryMethod(ConstructorResolver.java:536)
	at org.springframework.beans.factory.support.AbstractAutowireCapableBeanFactory.instantiateUsingFactoryMethod(AbstractAutowireCapableBeanFactory.java:1352)
	at org.springframework.beans.factory.support.AbstractAutowireCapableBeanFactory.createBeanInstance(AbstractAutowireCapableBeanFactory.java:1195)
	at org.springframework.beans.factory.support.AbstractAutowireCapableBeanFactory.doCreateBean(AbstractAutowireCapableBeanFactory.java:582)
	at org.springframework.beans.factory.support.AbstractAutowireCapableBeanFactory.createBean(AbstractAutowireCapableBeanFactory.java:542)
	at org.springframework.beans.factory.support.AbstractBeanFactory.lambda$doGetBean$0(AbstractBeanFactory.java:335)
	at org.springframework.beans.factory.support.DefaultSingletonBeanRegistry.getSingleton(DefaultSingletonBeanRegistry.java:234)
	at org.springframework.beans.factory.support.AbstractBeanFactory.doGetBean(AbstractBeanFactory.java:333)
	at org.springframework.beans.factory.support.AbstractBeanFactory.getBean(AbstractBeanFactory.java:208)
	at org.springframework.beans.factory.config.DependencyDescriptor.resolveCandidate(DependencyDescriptor.java:276)
	at org.springframework.beans.factory.support.DefaultListableBeanFactory.doResolveDependency(DefaultListableBeanFactory.java:1391)
	at org.springframework.beans.factory.support.DefaultListableBeanFactory.resolveDependency(DefaultListableBeanFactory.java:1311)
	at org.springframework.beans.factory.support.ConstructorResolver.resolveAutowiredArgument(ConstructorResolver.java:911)
	at org.springframework.beans.factory.support.ConstructorResolver.createArgumentArray(ConstructorResolver.java:788)
	at org.springframework.beans.factory.support.ConstructorResolver.instantiateUsingFactoryMethod(ConstructorResolver.java:536)
	at org.springframework.beans.factory.support.AbstractAutowireCapableBeanFactory.instantiateUsingFactoryMethod(AbstractAutowireCapableBeanFactory.java:1352)
	at org.springframework.beans.factory.support.AbstractAutowireCapableBeanFactory.createBeanInstance(AbstractAutowireCapableBeanFactory.java:1195)
	at org.springframework.beans.factory.support.AbstractAutowireCapableBeanFactory.doCreateBean(AbstractAutowireCapableBeanFactory.java:582)
	at org.springframework.beans.factory.support.AbstractAutowireCapableBeanFactory.createBean(AbstractAutowireCapableBeanFactory.java:542)
	at org.springframework.beans.factory.support.AbstractBeanFactory.lambda$doGetBean$0(AbstractBeanFactory.java:335)
	at org.springframework.beans.factory.support.DefaultSingletonBeanRegistry.getSingleton(DefaultSingletonBeanRegistry.java:234)
	at org.springframework.beans.factory.support.AbstractBeanFactory.doGetBean(AbstractBeanFactory.java:333)
	at org.springframework.beans.factory.support.AbstractBeanFactory.getBean(AbstractBeanFactory.java:208)
	at org.springframework.beans.factory.support.BeanDefinitionValueResolver.resolveReference(BeanDefinitionValueResolver.java:330)
	at org.springframework.beans.factory.support.BeanDefinitionValueResolver.resolveValueIfNecessary(BeanDefinitionValueResolver.java:113)
	at org.springframework.beans.factory.support.AbstractAutowireCapableBeanFactory.applyPropertyValues(AbstractAutowireCapableBeanFactory.java:1707)
	at org.springframework.beans.factory.support.AbstractAutowireCapableBeanFactory.populateBean(AbstractAutowireCapableBeanFactory.java:1452)
	at org.springframework.beans.factory.support.AbstractAutowireCapableBeanFactory.doCreateBean(AbstractAutowireCapableBeanFactory.java:619)
	at org.springframework.beans.factory.support.AbstractAutowireCapableBeanFactory.createBean(AbstractAutowireCapableBeanFactory.java:542)
	at org.springframework.beans.factory.support.AbstractBeanFactory.lambda$doGetBean$0(AbstractBeanFactory.java:335)
	at org.springframework.beans.factory.support.DefaultSingletonBeanRegistry.getSingleton(DefaultSingletonBeanRegistry.java:234)
	at org.springframework.beans.factory.support.AbstractBeanFactory.doGetBean(AbstractBeanFactory.java:333)
	at org.springframework.beans.factory.support.AbstractBeanFactory.getBean(AbstractBeanFactory.java:208)
	at org.springframework.beans.factory.config.DependencyDescriptor.resolveCandidate(DependencyDescriptor.java:276)
	at org.springframework.beans.factory.support.DefaultListableBeanFactory.doResolveDependency(DefaultListableBeanFactory.java:1391)
	at org.springframework.beans.factory.support.DefaultListableBeanFactory.resolveDependency(DefaultListableBeanFactory.java:1311)
	at org.springframework.beans.factory.support.ConstructorResolver.resolveAutowiredArgument(ConstructorResolver.java:911)
	at org.springframework.beans.factory.support.ConstructorResolver.createArgumentArray(ConstructorResolver.java:788)
	at org.springframework.beans.factory.support.ConstructorResolver.autowireConstructor(ConstructorResolver.java:224)
	at org.springframework.beans.factory.support.AbstractAutowireCapableBeanFactory.autowireConstructor(AbstractAutowireCapableBeanFactory.java:1372)
	at org.springframework.beans.factory.support.AbstractAutowireCapableBeanFactory.createBeanInstance(AbstractAutowireCapableBeanFactory.java:1222)
	at org.springframework.beans.factory.support.AbstractAutowireCapableBeanFactory.doCreateBean(AbstractAutowireCapableBeanFactory.java:582)
	at org.springframework.beans.factory.support.AbstractAutowireCapableBeanFactory.createBean(AbstractAutowireCapableBeanFactory.java:542)
	at org.springframework.beans.factory.support.AbstractBeanFactory.lambda$doGetBean$0(AbstractBeanFactory.java:335)
	at org.springframework.beans.factory.support.DefaultSingletonBeanRegistry.getSingleton(DefaultSingletonBeanRegistry.java:234)
	at org.springframework.beans.factory.support.AbstractBeanFactory.doGetBean(AbstractBeanFactory.java:333)
	at org.springframework.beans.factory.support.AbstractBeanFactory.getBean(AbstractBeanFactory.java:208)
	at org.springframework.beans.factory.support.DefaultListableBeanFactory.preInstantiateSingletons(DefaultListableBeanFactory.java:955)
	at org.springframework.context.support.AbstractApplicationContext.finishBeanFactoryInitialization(AbstractApplicationContext.java:929)
	at org.springframework.context.support.AbstractApplicationContext.refresh(AbstractApplicationContext.java:591)
	at org.springframework.boot.web.servlet.context.ServletWebServerApplicationContext.refresh(ServletWebServerApplicationContext.java:147)
	at org.springframework.boot.SpringApplication.refresh(SpringApplication.java:732)
	at org.springframework.boot.SpringApplication.refreshContext(SpringApplication.java:409)
	at org.springframework.boot.SpringApplication.run(SpringApplication.java:308)
	at org.springframework.boot.test.context.SpringBootContextLoader.loadContext(SpringBootContextLoader.java:136)
	at org.springframework.test.context.cache.DefaultCacheAwareContextLoaderDelegate.loadContextInternal(DefaultCacheAwareContextLoaderDelegate.java:141)
	at org.springframework.test.context.cache.DefaultCacheAwareContextLoaderDelegate.loadContext(DefaultCacheAwareContextLoaderDelegate.java:90)
	at org.springframework.test.context.support.DefaultTestContext.getApplicationContext(DefaultTestContext.java:124)
	at org.springframework.test.context.support.DependencyInjectionTestExecutionListener.injectDependencies(DependencyInjectionTestExecutionListener.java:118)
	at org.springframework.test.context.support.DependencyInjectionTestExecutionListener.prepareTestInstance(DependencyInjectionTestExecutionListener.java:83)
	at org.springframework.boot.test.autoconfigure.SpringBootDependencyInjectionTestExecutionListener.prepareTestInstance(SpringBootDependencyInjectionTestExecutionListener.java:43)
	at org.springframework.test.context.TestContextManager.prepareTestInstance(TestContextManager.java:248)
	at org.springframework.test.context.junit.jupiter.SpringExtension.postProcessTestInstance(SpringExtension.java:138)
	at org.junit.jupiter.engine.descriptor.ClassBasedTestDescriptor.lambda$invokeTestInstancePostProcessors$8(ClassBasedTestDescriptor.java:363)
	at org.junit.jupiter.engine.descriptor.ClassBasedTestDescriptor.executeAndMaskThrowable(ClassBasedTestDescriptor.java:368)
	at org.junit.jupiter.engine.descriptor.ClassBasedTestDescriptor.lambda$invokeTestInstancePostProcessors$9(ClassBasedTestDescriptor.java:363)
	at java.base/java.util.stream.ReferencePipeline$3$1.accept(ReferencePipeline.java:197)
	at java.base/java.util.stream.ReferencePipeline$2$1.accept(ReferencePipeline.java:179)
	at java.base/java.util.ArrayList$ArrayListSpliterator.forEachRemaining(ArrayList.java:1708)
	at java.base/java.util.stream.AbstractPipeline.copyInto(AbstractPipeline.java:509)
	at java.base/java.util.stream.AbstractPipeline.wrapAndCopyInto(AbstractPipeline.java:499)
	at java.base/java.util.stream.StreamSpliterators$WrappingSpliterator.forEachRemaining(StreamSpliterators.java:310)
	at java.base/java.util.stream.Streams$ConcatSpliterator.forEachRemaining(Streams.java:735)
	at java.base/java.util.stream.Streams$ConcatSpliterator.forEachRemaining(Streams.java:734)
	at java.base/java.util.stream.ReferencePipeline$Head.forEach(ReferencePipeline.java:762)
	at org.junit.jupiter.engine.descriptor.ClassBasedTestDescriptor.invokeTestInstancePostProcessors(ClassBasedTestDescriptor.java:362)
	at org.junit.jupiter.engine.descriptor.ClassBasedTestDescriptor.lambda$instantiateAndPostProcessTestInstance$6(ClassBasedTestDescriptor.java:283)
	at org.junit.platform.engine.support.hierarchical.ThrowableCollector.execute(ThrowableCollector.java:73)
	at org.junit.jupiter.engine.descriptor.ClassBasedTestDescriptor.instantiateAndPostProcessTestInstance(ClassBasedTestDescriptor.java:282)
	at org.junit.jupiter.engine.descriptor.ClassBasedTestDescriptor.lambda$testInstancesProvider$4(ClassBasedTestDescriptor.java:272)
	at java.base/java.util.Optional.orElseGet(Optional.java:364)
	at org.junit.jupiter.engine.descriptor.ClassBasedTestDescriptor.lambda$testInstancesProvider$5(ClassBasedTestDescriptor.java:271)
	at org.junit.jupiter.engine.execution.TestInstancesProvider.getTestInstances(TestInstancesProvider.java:31)
	at org.junit.jupiter.engine.descriptor.TestMethodTestDescriptor.lambda$prepare$0(TestMethodTestDescriptor.java:102)
	at org.junit.platform.engine.support.hierarchical.ThrowableCollector.execute(ThrowableCollector.java:73)
	at org.junit.jupiter.engine.descriptor.TestMethodTestDescriptor.prepare(TestMethodTestDescriptor.java:101)
	at org.junit.jupiter.engine.descriptor.TestMethodTestDescriptor.prepare(TestMethodTestDescriptor.java:66)
	at org.junit.platform.engine.support.hierarchical.NodeTestTask.lambda$prepare$2(NodeTestTask.java:123)
	at org.junit.platform.engine.support.hierarchical.ThrowableCollector.execute(ThrowableCollector.java:73)
	at org.junit.platform.engine.support.hierarchical.NodeTestTask.prepare(NodeTestTask.java:123)
	at org.junit.platform.engine.support.hierarchical.NodeTestTask.execute(NodeTestTask.java:90)
	at java.base/java.util.ArrayList.forEach(ArrayList.java:1596)
	at org.junit.platform.engine.support.hierarchical.SameThreadHierarchicalTestExecutorService.invokeAll(SameThreadHierarchicalTestExecutorService.java:41)
	at org.junit.platform.engine.support.hierarchical.NodeTestTask.lambda$executeRecursively$6(NodeTestTask.java:155)
	at org.junit.platform.engine.support.hierarchical.ThrowableCollector.execute(ThrowableCollector.java:73)
	at org.junit.platform.engine.support.hierarchical.NodeTestTask.lambda$executeRecursively$8(NodeTestTask.java:141)
	at org.junit.platform.engine.support.hierarchical.Node.around(Node.java:137)
	at org.junit.platform.engine.support.hierarchical.NodeTestTask.lambda$executeRecursively$9(NodeTestTask.java:139)
	at org.junit.platform.engine.support.hierarchical.ThrowableCollector.execute(ThrowableCollector.java:73)
	at org.junit.platform.engine.support.hierarchical.NodeTestTask.executeRecursively(NodeTestTask.java:138)
	at org.junit.platform.engine.support.hierarchical.NodeTestTask.execute(NodeTestTask.java:95)
	at java.base/java.util.ArrayList.forEach(ArrayList.java:1596)
	at org.junit.platform.engine.support.hierarchical.SameThreadHierarchicalTestExecutorService.invokeAll(SameThreadHierarchicalTestExecutorService.java:41)
	at org.junit.platform.engine.support.hierarchical.NodeTestTask.lambda$executeRecursively$6(NodeTestTask.java:155)
	at org.junit.platform.engine.support.hierarchical.ThrowableCollector.execute(ThrowableCollector.java:73)
	at org.junit.platform.engine.support.hierarchical.NodeTestTask.lambda$executeRecursively$8(NodeTestTask.java:141)
	at org.junit.platform.engine.support.hierarchical.Node.around(Node.java:137)
	at org.junit.platform.engine.support.hierarchical.NodeTestTask.lambda$executeRecursively$9(NodeTestTask.java:139)
	at org.junit.platform.engine.support.hierarchical.ThrowableCollector.execute(ThrowableCollector.java:73)
	at org.junit.platform.engine.support.hierarchical.NodeTestTask.executeRecursively(NodeTestTask.java:138)
	at org.junit.platform.engine.support.hierarchical.NodeTestTask.execute(NodeTestTask.java:95)
	at org.junit.platform.engine.support.hierarchical.SameThreadHierarchicalTestExecutorService.submit(SameThreadHierarchicalTestExecutorService.java:35)
	at org.junit.platform.engine.support.hierarchical.HierarchicalTestExecutor.execute(HierarchicalTestExecutor.java:57)
	at org.junit.platform.engine.support.hierarchical.HierarchicalTestEngine.execute(HierarchicalTestEngine.java:54)
	at org.junit.platform.launcher.core.DefaultLauncher.execute(DefaultLauncher.java:220)
	at org.junit.platform.launcher.core.DefaultLauncher.lambda$execute$6(DefaultLauncher.java:188)
	at org.junit.platform.launcher.core.DefaultLauncher.withInterceptedStreams(DefaultLauncher.java:202)
	at org.junit.platform.launcher.core.DefaultLauncher.execute(DefaultLauncher.java:181)
	at org.junit.platform.launcher.core.DefaultLauncher.execute(DefaultLauncher.java:128)
	at org.apache.maven.surefire.junitplatform.JUnitPlatformProvider.invokeAllTests(JUnitPlatformProvider.java:150)
	at org.apache.maven.surefire.junitplatform.JUnitPlatformProvider.invoke(JUnitPlatformProvider.java:124)
	at org.apache.maven.surefire.booter.ForkedBooter.invokeProviderInSameClassLoader(ForkedBooter.java:384)
	at org.apache.maven.surefire.booter.ForkedBooter.runSuitesInProcess(ForkedBooter.java:345)
	at org.apache.maven.surefire.booter.ForkedBooter.execute(ForkedBooter.java:126)
	at org.apache.maven.surefire.booter.ForkedBooter.main(ForkedBooter.java:418)
2026-09-12 15:35:23.938  INFO 19316 --- [       Thread-3] o.s.b.a.mongo.embedded.EmbeddedMongo     : 2026-09-12T15:35:23.938-0600 I STORAGE  [main] Max cache overflow file size custom option: 0
2026-09-12 15:35:23.939  INFO 19316 --- [       Thread-3] o.s.b.a.mongo.embedded.EmbeddedMongo     : 2026-09-12T15:35:23.938-0600 I CONTROL  [main] note: noprealloc may hurt performance in many applications
2026-09-12 15:35:23.975  INFO 19316 --- [       Thread-3] o.s.b.a.mongo.embedded.EmbeddedMongo     : 2026-09-12T15:35:23.976-0600 I CONTROL  [main] Automatically disabling TLS 1.0, to force-enable TLS 1.0 specify --sslDisabledProtocols 'none'
2026-09-12 15:35:23.977  INFO 19316 --- [       Thread-3] o.s.b.a.mongo.embedded.EmbeddedMongo     : 2026-09-12T15:35:23.978-0600 I CONTROL  [initandlisten] MongoDB starting : pid=24240 port=64623 dbpath=C:\Users\danie\AppData\Local\Temp\embedmongo-db-8e2056f5-9634-4cfa-9b49-b340a4b7198e 64-bit host=EDan-ROG
2026-09-12 15:35:23.977  INFO 19316 --- [       Thread-3] o.s.b.a.mongo.embedded.EmbeddedMongo     : 2026-09-12T15:35:23.978-0600 I CONTROL  [initandlisten] targetMinOS: Windows 7/Windows Server 2008 R2
2026-09-12 15:35:23.977  INFO 19316 --- [       Thread-3] o.s.b.a.mongo.embedded.EmbeddedMongo     : 2026-09-12T15:35:23.978-0600 I CONTROL  [initandlisten] db version v4.0.12
2026-09-12 15:35:23.977  INFO 19316 --- [       Thread-3] o.s.b.a.mongo.embedded.EmbeddedMongo     : 2026-09-12T15:35:23.978-0600 I CONTROL  [initandlisten] git version: 5776e3cbf9e7afe86e6b29e22520ffb6766e95d4
2026-09-12 15:35:23.977  INFO 19316 --- [       Thread-3] o.s.b.a.mongo.embedded.EmbeddedMongo     : 2026-09-12T15:35:23.978-0600 I CONTROL  [initandlisten] allocator: tcmalloc
2026-09-12 15:35:23.977  INFO 19316 --- [       Thread-3] o.s.b.a.mongo.embedded.EmbeddedMongo     : 2026-09-12T15:35:23.978-0600 I CONTROL  [initandlisten] modules: none
2026-09-12 15:35:23.977  INFO 19316 --- [       Thread-3] o.s.b.a.mongo.embedded.EmbeddedMongo     : 2026-09-12T15:35:23.978-0600 I CONTROL  [initandlisten] build environment:
2026-09-12 15:35:23.977  INFO 19316 --- [       Thread-3] o.s.b.a.mongo.embedded.EmbeddedMongo     : 2026-09-12T15:35:23.978-0600 I CONTROL  [initandlisten]     distmod: 2008plus-ssl
2026-09-12 15:35:23.977  INFO 19316 --- [       Thread-3] o.s.b.a.mongo.embedded.EmbeddedMongo     : 2026-09-12T15:35:23.978-0600 I CONTROL  [initandlisten]     distarch: x86_64
2026-09-12 15:35:23.977  INFO 19316 --- [       Thread-3] o.s.b.a.mongo.embedded.EmbeddedMongo     : 2026-09-12T15:35:23.978-0600 I CONTROL  [initandlisten]     target_arch: x86_64
2026-09-12 15:35:23.977  INFO 19316 --- [       Thread-3] o.s.b.a.mongo.embedded.EmbeddedMongo     : 2026-09-12T15:35:23.978-0600 I CONTROL  [initandlisten] options: { net: { bindIp: "127.0.0.1", port: 64623 }, security: { authorization: "disabled" }, storage: { dbPath: "C:\Users\danie\AppData\Local\Temp\embedmongo-db-8e2056f5-9634-4cfa-9b49-b340a4b7198e", journal: { enabled: false }, mmapv1: { preallocDataFiles: false, smallFiles: true }, syncPeriodSecs: 0.0 } }
2026-09-12 15:35:23.979  INFO 19316 --- [       Thread-3] o.s.b.a.mongo.embedded.EmbeddedMongo     : 2026-09-12T15:35:23.979-0600 I STORAGE  [initandlisten] wiredtiger_open config: create,cache_size=7275M,cache_overflow=(file_max=0M),session_max=20000,eviction=(threads_min=4,threads_max=4),config_base=false,statistics=(fast),log=(enabled=true,archive=true,path=journal,compressor=snappy),file_manager=(close_idle_time=100000),statistics_log=(wait=0),verbose=(recovery_progress),,log=(enabled=false),
2026-09-12 15:35:23.987  INFO 19316 --- [       Thread-3] o.s.b.a.mongo.embedded.EmbeddedMongo     : 2026-09-12T15:35:23.987-0600 I STORAGE  [initandlisten] WiredTiger message [1789248923:987590][24240:140716104058400], txn-recover: Set global recovery timestamp: 0
2026-09-12 15:35:23.993  INFO 19316 --- [       Thread-3] o.s.b.a.mongo.embedded.EmbeddedMongo     : 2026-09-12T15:35:23.994-0600 I RECOVERY [initandlisten] WiredTiger recoveryTimestamp. Ts: Timestamp(0, 0)
2026-09-12 15:35:24.009  INFO 19316 --- [       Thread-3] o.s.b.a.mongo.embedded.EmbeddedMongo     : 2026-09-12T15:35:24.010-0600 W STORAGE  [initandlisten] Detected configuration for non-active storage engine mmapv1 when current storage engine is wiredTiger
2026-09-12 15:35:24.010  INFO 19316 --- [       Thread-3] o.s.b.a.mongo.embedded.EmbeddedMongo     : 2026-09-12T15:35:24.011-0600 I STORAGE  [initandlisten] createCollection: admin.system.version with provided UUID: 5f3afd34-3b7c-4965-823c-1c83094c2121
2026-09-12 15:35:24.026  INFO 19316 --- [       Thread-3] o.s.b.a.mongo.embedded.EmbeddedMongo     : 2026-09-12T15:35:24.026-0600 I COMMAND  [initandlisten] setting featureCompatibilityVersion to 4.0
2026-09-12 15:35:24.027  INFO 19316 --- [       Thread-3] o.s.b.a.mongo.embedded.EmbeddedMongo     : 2026-09-12T15:35:24.027-0600 I STORAGE  [initandlisten] createCollection: local.startup_log with generated UUID: 1372ed4a-f55b-4aa0-98c6-ec5e4f7e3bdf
2026-09-12 15:35:24.410  INFO 19316 --- [       Thread-3] o.s.b.a.mongo.embedded.EmbeddedMongo     : 2026-09-12T15:35:24.410-0600 W FTDC     [initandlisten] Failed to initialize Performance Counters for FTDC: WindowsPdhError: PdhExpandCounterPathW failed with 'El objeto especificado no se encontr� en el equipo.' for counter '\Memory\Available Bytes'
2026-09-12 15:35:24.410  INFO 19316 --- [       Thread-3] o.s.b.a.mongo.embedded.EmbeddedMongo     : 2026-09-12T15:35:24.410-0600 I FTDC     [initandlisten] Initializing full-time diagnostic data capture with directory 'C:/Users/danie/AppData/Local/Temp/embedmongo-db-8e2056f5-9634-4cfa-9b49-b340a4b7198e/diagnostic.data'
2026-09-12 15:35:24.412  INFO 19316 --- [       Thread-3] o.s.b.a.mongo.embedded.EmbeddedMongo     : 2026-09-12T15:35:24.413-0600 I NETWORK  [initandlisten] waiting for connections on port 64623
2026-09-12 15:35:24.413  INFO 19316 --- [       Thread-3] o.s.b.a.mongo.embedded.EmbeddedMongo     : 2026-09-12T15:35:24.413-0600 I STORAGE  [LogicalSessionCacheRefresh] createCollection: config.system.sessions with generated UUID: 640096f5-43d2-40da-9da5-9bc216b6ca85
2026-09-12 15:35:24.413  INFO 19316 --- [           main] d.f.embed.mongo.MongodExecutable         : start MongodConfig{version=Version{4.0.12}, timeout=de.flapdoodle.embed.mongo.config.Timeout@45375bdf, net=de.flapdoodle.embed.mongo.config.Net@3e8fe7db, cmdOptions=MongoCmdOptions{syncDelay=0, useDefaultSyncDelay=false, isVerbose=false, useNoPrealloc=true, useSmallFiles=true, useNoJournal=true, enableTextSearch=false, auth=false, master=false}, password=, userName=, replication=de.flapdoodle.embed.mongo.config.Storage@62e586a6, isConfigServer=false, isShardServer=false, processListener=de.flapdoodle.embed.mongo.config.processlistener.NoopProcessListener@64908ab9, params={}, args={}, pidFile=mongod.pid, supportConfig=de.flapdoodle.embed.mongo.config.SupportConfig@1b06dc57}
2026-09-12 15:35:24.430  INFO 19316 --- [       Thread-3] o.s.b.a.mongo.embedded.EmbeddedMongo     : 2026-09-12T15:35:24.430-0600 I INDEX    [LogicalSessionCacheRefresh] build index on: config.system.sessions properties: { v: 2, key: { lastUse: 1 }, name: "lsidTTLIndex", ns: "config.system.sessions", expireAfterSeconds: 1800 }
2026-09-12 15:35:24.430  INFO 19316 --- [       Thread-3] o.s.b.a.mongo.embedded.EmbeddedMongo     : 2026-09-12T15:35:24.430-0600 I INDEX    [LogicalSessionCacheRefresh] 	 building index using bulk method; build may temporarily use up to 500 megabytes of RAM
2026-09-12 15:35:24.430  INFO 19316 --- [       Thread-3] o.s.b.a.mongo.embedded.EmbeddedMongo     : 2026-09-12T15:35:24.430-0600 W STORAGE  [LogicalSessionCacheRefresh] failed to create WiredTiger bulk cursor: Resource device
2026-09-12 15:35:24.430  INFO 19316 --- [       Thread-3] o.s.b.a.mongo.embedded.EmbeddedMongo     : 2026-09-12T15:35:24.430-0600 W STORAGE  [LogicalSessionCacheRefresh] falling back to non-bulk cursor for index table:index-6--2169264592479199278
2026-09-12 15:35:24.430  INFO 19316 --- [       Thread-3] o.s.b.a.mongo.embedded.EmbeddedMongo     : 2026-09-12T15:35:24.430-0600 I INDEX    [LogicalSessionCacheRefresh] build index done.  scanned 0 total records. 0 secs
2026-09-12 15:35:24.552  INFO 19316 --- [       Thread-3] o.s.b.a.mongo.embedded.EmbeddedMongo     : 2026-09-12T15:35:24.552-0600 I NETWORK  [listener] connection accepted from 127.0.0.1:64227 #1 (1 connection now open)
2026-09-12 15:35:24.552  INFO 19316 --- [       Thread-3] o.s.b.a.mongo.embedded.EmbeddedMongo     : 2026-09-12T15:35:24.552-0600 I NETWORK  [listener] connection accepted from 127.0.0.1:64228 #2 (2 connections now open)
2026-09-12 15:35:24.562  INFO 19316 --- [       Thread-3] o.s.b.a.mongo.embedded.EmbeddedMongo     : 2026-09-12T15:35:24.563-0600 I NETWORK  [conn1] received client metadata from 127.0.0.1:64227 conn1: { driver: { name: "mongo-java-driver|reactive-streams|spring-boot", version: "4.6.1" }, os: { type: "Windows", name: "Windows 11", architecture: "amd64", version: "10.0" }, platform: "Java/Oracle Corporation/21.0.12+7-LTS-205" }
2026-09-12 15:35:24.562  INFO 19316 --- [       Thread-3] o.s.b.a.mongo.embedded.EmbeddedMongo     : 2026-09-12T15:35:24.563-0600 I NETWORK  [conn2] received client metadata from 127.0.0.1:64228 conn2: { driver: { name: "mongo-java-driver|reactive-streams|spring-boot", version: "4.6.1" }, os: { type: "Windows", name: "Windows 11", architecture: "amd64", version: "10.0" }, platform: "Java/Oracle Corporation/21.0.12+7-LTS-205" }
2026-09-12 15:35:24.566  INFO 19316 --- [           main] org.mongodb.driver.client                : MongoClient with metadata {"driver": {"name": "mongo-java-driver|reactive-streams|spring-boot", "version": "4.6.1"}, "os": {"type": "Windows", "name": "Windows 11", "architecture": "amd64", "version": "10.0"}, "platform": "Java/Oracle Corporation/21.0.12+7-LTS-205"} created with settings MongoClientSettings{readPreference=primary, writeConcern=WriteConcern{w=null, wTimeout=null ms, journal=null}, retryWrites=true, retryReads=true, readConcern=ReadConcern{level=null}, credential=null, streamFactoryFactory=NettyStreamFactoryFactory{eventLoopGroup=io.netty.channel.nio.NioEventLoopGroup@4542af89, socketChannelClass=class io.netty.channel.socket.nio.NioSocketChannel, allocator=PooledByteBufAllocator(directByDefault: true), sslContext=null}, commandListeners=[io.micrometer.core.instrument.binder.mongodb.MongoMetricsCommandListener@3163e03b], codecRegistry=ProvidersCodecRegistry{codecProviders=[ValueCodecProvider{}, BsonValueCodecProvider{}, DBRefCodecProvider{}, DBObjectCodecProvider{}, DocumentCodecProvider{}, IterableCodecProvider{}, MapCodecProvider{}, GeoJsonCodecProvider{}, GridFSFileCodecProvider{}, Jsr310CodecProvider{}, JsonObjectCodecProvider{}, BsonCodecProvider{}, EnumCodecProvider{}, com.mongodb.Jep395RecordCodecProvider@6aa18912]}, clusterSettings={hosts=[localhost:64623], srvServiceName=mongodb, mode=SINGLE, requiredClusterType=UNKNOWN, requiredReplicaSetName='null', serverSelector='null', clusterListeners='[]', serverSelectionTimeout='30000 ms', localThreshold='30000 ms'}, socketSettings=SocketSettings{connectTimeoutMS=10000, readTimeoutMS=0, receiveBufferSize=0, sendBufferSize=0}, heartbeatSocketSettings=SocketSettings{connectTimeoutMS=10000, readTimeoutMS=10000, receiveBufferSize=0, sendBufferSize=0}, connectionPoolSettings=ConnectionPoolSettings{maxSize=100, minSize=0, maxWaitTimeMS=120000, maxConnectionLifeTimeMS=0, maxConnectionIdleTimeMS=0, maintenanceInitialDelayMS=0, maintenanceFrequencyMS=60000, connectionPoolListeners=[io.micrometer.core.instrument.binder.mongodb.MongoMetricsConnectionPoolListener@5c20505f], maxConnecting=2}, serverSettings=ServerSettings{heartbeatFrequencyMS=10000, minHeartbeatFrequencyMS=500, serverListeners='[]', serverMonitorListeners='[]'}, sslSettings=SslSettings{enabled=false, invalidHostNameAllowed=false, context=null}, applicationName='null', compressorList=[], uuidRepresentation=JAVA_LEGACY, serverApi=null, autoEncryptionSettings=null, contextProvider=null}
2026-09-12 15:35:24.577  INFO 19316 --- [localhost:64623] org.mongodb.driver.connection            : Opened connection [connectionId{localValue:2, serverValue:1}] to localhost:64623
2026-09-12 15:35:24.577  INFO 19316 --- [localhost:64623] org.mongodb.driver.connection            : Opened connection [connectionId{localValue:1, serverValue:2}] to localhost:64623
2026-09-12 15:35:24.577  INFO 19316 --- [localhost:64623] org.mongodb.driver.cluster               : Monitor thread successfully connected to server with description ServerDescription{address=localhost:64623, type=STANDALONE, state=CONNECTED, ok=true, minWireVersion=0, maxWireVersion=7, maxDocumentSize=16777216, logicalSessionTimeoutMinutes=30, roundTripTimeNanos=22048700}
2026-09-12 15:35:25.097  INFO 19316 --- [       Thread-3] o.s.b.a.mongo.embedded.EmbeddedMongo     : 2026-09-12T15:35:25.096-0600 E STORAGE  [WTCheckpointThread] WiredTiger error (0) [1789248925:96491][24240:140716104058400], file:WiredTiger.wt, WT_SESSION.checkpoint: __win_fs_rename, 121: Access denied to a file owned by WiredTiger. It will attempt a few more times. You should confirm no other processes, such as virus scanners, are accessing the WiredTiger files. Raw: [1789248925:96491][24240:140716104058400], file:WiredTiger.wt, WT_SESSION.checkpoint: __win_fs_rename, 121: Access denied to a file owned by WiredTiger. It will attempt a few more times. You should confirm no other processes, such as virus scanners, are accessing the WiredTiger files.
2026-09-12 15:35:25.177  INFO 19316 --- [       Thread-3] o.s.b.a.mongo.embedded.EmbeddedMongo     : 2026-09-12T15:35:25.177-0600 I NETWORK  [listener] connection accepted from 127.0.0.1:61925 #3 (3 connections now open)
2026-09-12 15:35:25.182  INFO 19316 --- [       Thread-3] o.s.b.a.mongo.embedded.EmbeddedMongo     : 2026-09-12T15:35:25.182-0600 I NETWORK  [conn3] received client metadata from 127.0.0.1:61925 conn3: { driver: { name: "mongo-java-driver|reactive-streams|spring-boot", version: "4.6.1" }, os: { type: "Windows", name: "Windows 11", architecture: "amd64", version: "10.0" }, platform: "Java/Oracle Corporation/21.0.12+7-LTS-205" }
2026-09-12 15:35:25.185  INFO 19316 --- [ntLoopGroup-4-3] org.mongodb.driver.connection            : Opened connection [connectionId{localValue:3, serverValue:3}] to localhost:64623
2026-09-12 15:35:25.341  INFO 19316 --- [           main] o.s.s.web.DefaultSecurityFilterChain     : Will secure any request with [org.springframework.security.web.session.DisableEncodeUrlFilter@1ff52a71, org.springframework.security.web.context.request.async.WebAsyncManagerIntegrationFilter@3338d706, org.springframework.security.web.context.SecurityContextPersistenceFilter@18356d9e, org.springframework.security.web.header.HeaderWriterFilter@38affd02, org.springframework.security.web.csrf.CsrfFilter@1644cc2d, org.springframework.security.web.authentication.logout.LogoutFilter@3031d9e9, org.springframework.security.web.authentication.UsernamePasswordAuthenticationFilter@30b075b9, org.springframework.security.web.authentication.www.BasicAuthenticationFilter@49dacc93, org.springframework.security.web.savedrequest.RequestCacheAwareFilter@6cfe32cd, org.springframework.security.web.servletapi.SecurityContextHolderAwareRequestFilter@4db10b9f, org.springframework.security.web.authentication.AnonymousAuthenticationFilter@f776b4a, org.springframework.security.web.session.SessionManagementFilter@1db7a4ae, org.springframework.security.web.access.ExceptionTranslationFilter@397b5b2d, org.springframework.security.web.access.intercept.FilterSecurityInterceptor@64821706]
2026-09-12 15:35:25.379  INFO 19316 --- [       Thread-3] o.s.b.a.mongo.embedded.EmbeddedMongo     : 2026-09-12T15:35:25.379-0600 E STORAGE  [WTCheckpointThread] WiredTiger error (0) [1789248925:379143][24240:140716104058400], file:WiredTiger.wt, WT_SESSION.checkpoint: __win_fs_rename, 121: Access denied to a file owned by WiredTiger. It will attempt a few more times. You should confirm no other processes, such as virus scanners, are accessing the WiredTiger files. Raw: [1789248925:379143][24240:140716104058400], file:WiredTiger.wt, WT_SESSION.checkpoint: __win_fs_rename, 121: Access denied to a file owned by WiredTiger. It will attempt a few more times. You should confirm no other processes, such as virus scanners, are accessing the WiredTiger files.
2026-09-12 15:35:25.477  INFO 19316 --- [       Thread-3] o.s.b.a.mongo.embedded.EmbeddedMongo     : 2026-09-12T15:35:25.477-0600 E STORAGE  [WTCheckpointThread] WiredTiger error (0) [1789248925:477078][24240:140716104058400], file:WiredTiger.wt, WT_SESSION.checkpoint: __win_fs_rename, 121: Access denied to a file owned by WiredTiger. It will attempt a few more times. You should confirm no other processes, such as virus scanners, are accessing the WiredTiger files. Raw: [1789248925:477078][24240:140716104058400], file:WiredTiger.wt, WT_SESSION.checkpoint: __win_fs_rename, 121: Access denied to a file owned by WiredTiger. It will attempt a few more times. You should confirm no other processes, such as virus scanners, are accessing the WiredTiger files.
2026-09-12 15:35:25.702  INFO 19316 --- [           main] o.s.b.a.w.s.WelcomePageHandlerMapping    : Adding welcome page: class path resource [static/index.html]
2026-09-12 15:35:25.939  INFO 19316 --- [       Thread-3] o.s.b.a.mongo.embedded.EmbeddedMongo     : 2026-09-12T15:35:25.940-0600 E STORAGE  [WTCheckpointThread] WiredTiger error (0) [1789248925:939907][24240:140716104058400], file:WiredTiger.wt, WT_SESSION.checkpoint: __win_fs_rename, 121: Access denied to a file owned by WiredTiger. It will attempt a few more times. You should confirm no other processes, such as virus scanners, are accessing the WiredTiger files. Raw: [1789248925:939907][24240:140716104058400], file:WiredTiger.wt, WT_SESSION.checkpoint: __win_fs_rename, 121: Access denied to a file owned by WiredTiger. It will attempt a few more times. You should confirm no other processes, such as virus scanners, are accessing the WiredTiger files.
2026-09-12 15:35:26.263  INFO 19316 --- [       Thread-3] o.s.b.a.mongo.embedded.EmbeddedMongo     : 2026-09-12T15:35:26.263-0600 E STORAGE  [WTCheckpointThread] WiredTiger error (0) [1789248926:263561][24240:140716104058400], file:WiredTiger.wt, WT_SESSION.checkpoint: __win_fs_rename, 121: Access denied to a file owned by WiredTiger. It will attempt a few more times. You should confirm no other processes, such as virus scanners, are accessing the WiredTiger files. Raw: [1789248926:263561][24240:140716104058400], file:WiredTiger.wt, WT_SESSION.checkpoint: __win_fs_rename, 121: Access denied to a file owned by WiredTiger. It will attempt a few more times. You should confirm no other processes, such as virus scanners, are accessing the WiredTiger files.
2026-09-12 15:35:26.368  INFO 19316 --- [           main] o.s.b.a.e.web.EndpointLinksResolver      : Exposing 12 endpoint(s) beneath base path '/actuator'
2026-09-12 15:35:26.489  INFO 19316 --- [       Thread-3] o.s.b.a.mongo.embedded.EmbeddedMongo     : 2026-09-12T15:35:26.489-0600 E STORAGE  [WTCheckpointThread] WiredTiger error (0) [1789248926:488114][24240:140716104058400], file:WiredTiger.wt, WT_SESSION.checkpoint: __win_fs_rename, 121: Access denied to a file owned by WiredTiger. It will attempt a few more times. You should confirm no other processes, such as virus scanners, are accessing the WiredTiger files. Raw: [1789248926:488114][24240:140716104058400], file:WiredTiger.wt, WT_SESSION.checkpoint: __win_fs_rename, 121: Access denied to a file owned by WiredTiger. It will attempt a few more times. You should confirm no other processes, such as virus scanners, are accessing the WiredTiger files.
2026-09-12 15:35:26.601  INFO 19316 --- [           main] o.s.b.w.embedded.tomcat.TomcatWebServer  : Tomcat started on port(s): 61926 (http) with context path ''
2026-09-12 15:35:26.610  INFO 19316 --- [           main] tacos.DesignTacoControllerBrowserTest    : Started DesignTacoControllerBrowserTest in 8.815 seconds (JVM running for 10.793)
2026-09-12 15:35:26.756  INFO 19316 --- [       Thread-3] o.s.b.a.mongo.embedded.EmbeddedMongo     : 2026-09-12T15:35:26.756-0600 E STORAGE  [WTCheckpointThread] WiredTiger error (0) [1789248926:756011][24240:140716104058400], file:WiredTiger.wt, WT_SESSION.checkpoint: __win_fs_rename, 121: Access denied to a file owned by WiredTiger. It will attempt a few more times. You should confirm no other processes, such as virus scanners, are accessing the WiredTiger files. Raw: [1789248926:756011][24240:140716104058400], file:WiredTiger.wt, WT_SESSION.checkpoint: __win_fs_rename, 121: Access denied to a file owned by WiredTiger. It will attempt a few more times. You should confirm no other processes, such as virus scanners, are accessing the WiredTiger files.
2026-09-12 15:35:26.776  INFO 19316 --- [       Thread-3] o.s.b.a.mongo.embedded.EmbeddedMongo     : 2026-09-12T15:35:26.776-0600 I STORAGE  [conn3] createCollection: test.ingredient with generated UUID: 779b8c82-aab4-4ba6-b013-85737dfc1447
2026-09-12 15:35:26.777  INFO 19316 --- [       Thread-3] o.s.b.a.mongo.embedded.EmbeddedMongo     : 2026-09-12T15:35:26.777-0600 I NETWORK  [listener] connection accepted from 127.0.0.1:61927 #4 (4 connections now open)
2026-09-12 15:35:26.777  INFO 19316 --- [       Thread-3] o.s.b.a.mongo.embedded.EmbeddedMongo     : 2026-09-12T15:35:26.777-0600 I NETWORK  [listener] connection accepted from 127.0.0.1:61928 #5 (5 connections now open)
2026-09-12 15:35:26.778  INFO 19316 --- [       Thread-3] o.s.b.a.mongo.embedded.EmbeddedMongo     : 2026-09-12T15:35:26.778-0600 I NETWORK  [conn4] received client metadata from 127.0.0.1:61927 conn4: { driver: { name: "mongo-java-driver|reactive-streams|spring-boot", version: "4.6.1" }, os: { type: "Windows", name: "Windows 11", architecture: "amd64", version: "10.0" }, platform: "Java/Oracle Corporation/21.0.12+7-LTS-205" }
2026-09-12 15:35:26.778  INFO 19316 --- [       Thread-3] o.s.b.a.mongo.embedded.EmbeddedMongo     : 2026-09-12T15:35:26.778-0600 I NETWORK  [conn5] received client metadata from 127.0.0.1:61928 conn5: { driver: { name: "mongo-java-driver|reactive-streams|spring-boot", version: "4.6.1" }, os: { type: "Windows", name: "Windows 11", architecture: "amd64", version: "10.0" }, platform: "Java/Oracle Corporation/21.0.12+7-LTS-205" }
2026-09-12 15:35:26.781  INFO 19316 --- [ntLoopGroup-4-5] org.mongodb.driver.connection            : Opened connection [connectionId{localValue:5, serverValue:5}] to localhost:64623
2026-09-12 15:35:26.781  INFO 19316 --- [ntLoopGroup-4-4] org.mongodb.driver.connection            : Opened connection [connectionId{localValue:4, serverValue:4}] to localhost:64623
2026-09-12 15:35:26.782  INFO 19316 --- [       Thread-3] o.s.b.a.mongo.embedded.EmbeddedMongo     : 2026-09-12T15:35:26.782-0600 I NETWORK  [listener] connection accepted from 127.0.0.1:61929 #6 (6 connections now open)
2026-09-12 15:35:26.783  INFO 19316 --- [       Thread-3] o.s.b.a.mongo.embedded.EmbeddedMongo     : 2026-09-12T15:35:26.783-0600 I NETWORK  [listener] connection accepted from 127.0.0.1:61930 #7 (7 connections now open)
2026-09-12 15:35:26.783  INFO 19316 --- [       Thread-3] o.s.b.a.mongo.embedded.EmbeddedMongo     : 2026-09-12T15:35:26.783-0600 I NETWORK  [conn6] received client metadata from 127.0.0.1:61929 conn6: { driver: { name: "mongo-java-driver|reactive-streams|spring-boot", version: "4.6.1" }, os: { type: "Windows", name: "Windows 11", architecture: "amd64", version: "10.0" }, platform: "Java/Oracle Corporation/21.0.12+7-LTS-205" }
2026-09-12 15:35:26.784  INFO 19316 --- [       Thread-3] o.s.b.a.mongo.embedded.EmbeddedMongo     : 2026-09-12T15:35:26.784-0600 I NETWORK  [conn7] received client metadata from 127.0.0.1:61930 conn7: { driver: { name: "mongo-java-driver|reactive-streams|spring-boot", version: "4.6.1" }, os: { type: "Windows", name: "Windows 11", architecture: "amd64", version: "10.0" }, platform: "Java/Oracle Corporation/21.0.12+7-LTS-205" }
2026-09-12 15:35:26.784  INFO 19316 --- [ntLoopGroup-4-6] org.mongodb.driver.connection            : Opened connection [connectionId{localValue:6, serverValue:6}] to localhost:64623
2026-09-12 15:35:26.785  INFO 19316 --- [ntLoopGroup-4-7] org.mongodb.driver.connection            : Opened connection [connectionId{localValue:7, serverValue:7}] to localhost:64623
2026-09-12 15:35:26.785  INFO 19316 --- [       Thread-3] o.s.b.a.mongo.embedded.EmbeddedMongo     : 2026-09-12T15:35:26.785-0600 I NETWORK  [listener] connection accepted from 127.0.0.1:61931 #8 (8 connections now open)
2026-09-12 15:35:26.786  INFO 19316 --- [       Thread-3] o.s.b.a.mongo.embedded.EmbeddedMongo     : 2026-09-12T15:35:26.787-0600 I NETWORK  [conn8] received client metadata from 127.0.0.1:61931 conn8: { driver: { name: "mongo-java-driver|reactive-streams|spring-boot", version: "4.6.1" }, os: { type: "Windows", name: "Windows 11", architecture: "amd64", version: "10.0" }, platform: "Java/Oracle Corporation/21.0.12+7-LTS-205" }
2026-09-12 15:35:26.787  INFO 19316 --- [       Thread-3] o.s.b.a.mongo.embedded.EmbeddedMongo     : 2026-09-12T15:35:26.787-0600 I NETWORK  [listener] connection accepted from 127.0.0.1:61932 #9 (9 connections now open)
2026-09-12 15:35:26.787  INFO 19316 --- [ntLoopGroup-4-8] org.mongodb.driver.connection            : Opened connection [connectionId{localValue:8, serverValue:8}] to localhost:64623
2026-09-12 15:35:26.788  INFO 19316 --- [       Thread-3] o.s.b.a.mongo.embedded.EmbeddedMongo     : 2026-09-12T15:35:26.789-0600 I NETWORK  [listener] connection accepted from 127.0.0.1:61933 #10 (10 connections now open)
2026-09-12 15:35:26.789  INFO 19316 --- [       Thread-3] o.s.b.a.mongo.embedded.EmbeddedMongo     : 2026-09-12T15:35:26.789-0600 I NETWORK  [conn9] received client metadata from 127.0.0.1:61932 conn9: { driver: { name: "mongo-java-driver|reactive-streams|spring-boot", version: "4.6.1" }, os: { type: "Windows", name: "Windows 11", architecture: "amd64", version: "10.0" }, platform: "Java/Oracle Corporation/21.0.12+7-LTS-205" }
2026-09-12 15:35:26.789  INFO 19316 --- [       Thread-3] o.s.b.a.mongo.embedded.EmbeddedMongo     : 2026-09-12T15:35:26.790-0600 I NETWORK  [conn10] received client metadata from 127.0.0.1:61933 conn10: { driver: { name: "mongo-java-driver|reactive-streams|spring-boot", version: "4.6.1" }, os: { type: "Windows", name: "Windows 11", architecture: "amd64", version: "10.0" }, platform: "Java/Oracle Corporation/21.0.12+7-LTS-205" }
2026-09-12 15:35:26.790  INFO 19316 --- [ntLoopGroup-4-9] org.mongodb.driver.connection            : Opened connection [connectionId{localValue:9, serverValue:9}] to localhost:64623
2026-09-12 15:35:26.790  INFO 19316 --- [tLoopGroup-4-10] org.mongodb.driver.connection            : Opened connection [connectionId{localValue:10, serverValue:10}] to localhost:64623
2026-09-12 15:35:26.791  INFO 19316 --- [       Thread-3] o.s.b.a.mongo.embedded.EmbeddedMongo     : 2026-09-12T15:35:26.791-0600 I NETWORK  [listener] connection accepted from 127.0.0.1:61934 #11 (11 connections now open)
2026-09-12 15:35:26.792  INFO 19316 --- [       Thread-3] o.s.b.a.mongo.embedded.EmbeddedMongo     : 2026-09-12T15:35:26.792-0600 I NETWORK  [listener] connection accepted from 127.0.0.1:61935 #12 (12 connections now open)
2026-09-12 15:35:26.792  INFO 19316 --- [       Thread-3] o.s.b.a.mongo.embedded.EmbeddedMongo     : 2026-09-12T15:35:26.792-0600 I NETWORK  [conn11] received client metadata from 127.0.0.1:61934 conn11: { driver: { name: "mongo-java-driver|reactive-streams|spring-boot", version: "4.6.1" }, os: { type: "Windows", name: "Windows 11", architecture: "amd64", version: "10.0" }, platform: "Java/Oracle Corporation/21.0.12+7-LTS-205" }
2026-09-12 15:35:26.793  INFO 19316 --- [       Thread-3] o.s.b.a.mongo.embedded.EmbeddedMongo     : 2026-09-12T15:35:26.793-0600 I NETWORK  [conn12] received client metadata from 127.0.0.1:61935 conn12: { driver: { name: "mongo-java-driver|reactive-streams|spring-boot", version: "4.6.1" }, os: { type: "Windows", name: "Windows 11", architecture: "amd64", version: "10.0" }, platform: "Java/Oracle Corporation/21.0.12+7-LTS-205" }
2026-09-12 15:35:26.793  INFO 19316 --- [tLoopGroup-4-12] org.mongodb.driver.connection            : Opened connection [connectionId{localValue:12, serverValue:12}] to localhost:64623
2026-09-12 15:35:26.793  INFO 19316 --- [tLoopGroup-4-11] org.mongodb.driver.connection            : Opened connection [connectionId{localValue:11, serverValue:11}] to localhost:64623
2026-09-12 15:35:26.794  INFO 19316 --- [       Thread-3] o.s.b.a.mongo.embedded.EmbeddedMongo     : 2026-09-12T15:35:26.794-0600 I NETWORK  [listener] connection accepted from 127.0.0.1:61936 #13 (13 connections now open)
2026-09-12 15:35:26.795  INFO 19316 --- [       Thread-3] o.s.b.a.mongo.embedded.EmbeddedMongo     : 2026-09-12T15:35:26.795-0600 I NETWORK  [listener] connection accepted from 127.0.0.1:61937 #14 (14 connections now open)
2026-09-12 15:35:26.795  INFO 19316 --- [       Thread-3] o.s.b.a.mongo.embedded.EmbeddedMongo     : 2026-09-12T15:35:26.796-0600 I NETWORK  [conn13] received client metadata from 127.0.0.1:61936 conn13: { driver: { name: "mongo-java-driver|reactive-streams|spring-boot", version: "4.6.1" }, os: { type: "Windows", name: "Windows 11", architecture: "amd64", version: "10.0" }, platform: "Java/Oracle Corporation/21.0.12+7-LTS-205" }
2026-09-12 15:35:26.796  INFO 19316 --- [       Thread-3] o.s.b.a.mongo.embedded.EmbeddedMongo     : 2026-09-12T15:35:26.796-0600 I NETWORK  [conn14] received client metadata from 127.0.0.1:61937 conn14: { driver: { name: "mongo-java-driver|reactive-streams|spring-boot", version: "4.6.1" }, os: { type: "Windows", name: "Windows 11", architecture: "amd64", version: "10.0" }, platform: "Java/Oracle Corporation/21.0.12+7-LTS-205" }
2026-09-12 15:35:26.796  INFO 19316 --- [tLoopGroup-4-13] org.mongodb.driver.connection            : Opened connection [connectionId{localValue:13, serverValue:13}] to localhost:64623
2026-09-12 15:35:26.796  INFO 19316 --- [tLoopGroup-4-14] org.mongodb.driver.connection            : Opened connection [connectionId{localValue:14, serverValue:14}] to localhost:64623
2026-09-12 15:35:26.797  INFO 19316 --- [       Thread-3] o.s.b.a.mongo.embedded.EmbeddedMongo     : 2026-09-12T15:35:26.797-0600 I NETWORK  [listener] connection accepted from 127.0.0.1:61938 #15 (15 connections now open)
2026-09-12 15:35:26.798  INFO 19316 --- [       Thread-3] o.s.b.a.mongo.embedded.EmbeddedMongo     : 2026-09-12T15:35:26.798-0600 I NETWORK  [listener] connection accepted from 127.0.0.1:61939 #16 (16 connections now open)
2026-09-12 15:35:26.799  INFO 19316 --- [       Thread-3] o.s.b.a.mongo.embedded.EmbeddedMongo     : 2026-09-12T15:35:26.799-0600 I NETWORK  [conn15] received client metadata from 127.0.0.1:61938 conn15: { driver: { name: "mongo-java-driver|reactive-streams|spring-boot", version: "4.6.1" }, os: { type: "Windows", name: "Windows 11", architecture: "amd64", version: "10.0" }, platform: "Java/Oracle Corporation/21.0.12+7-LTS-205" }
2026-09-12 15:35:26.799  INFO 19316 --- [       Thread-3] o.s.b.a.mongo.embedded.EmbeddedMongo     : 2026-09-12T15:35:26.799-0600 I NETWORK  [conn16] received client metadata from 127.0.0.1:61939 conn16: { driver: { name: "mongo-java-driver|reactive-streams|spring-boot", version: "4.6.1" }, os: { type: "Windows", name: "Windows 11", architecture: "amd64", version: "10.0" }, platform: "Java/Oracle Corporation/21.0.12+7-LTS-205" }
2026-09-12 15:35:26.800  INFO 19316 --- [tLoopGroup-4-15] org.mongodb.driver.connection            : Opened connection [connectionId{localValue:15, serverValue:15}] to localhost:64623
2026-09-12 15:35:26.800  INFO 19316 --- [tLoopGroup-4-16] org.mongodb.driver.connection            : Opened connection [connectionId{localValue:16, serverValue:16}] to localhost:64623
2026-09-12 15:35:26.818  INFO 19316 --- [       Thread-3] o.s.b.a.mongo.embedded.EmbeddedMongo     : 2026-09-12T15:35:26.818-0600 I STORAGE  [conn13] createCollection: test.user with generated UUID: d02c286f-dead-4a07-aa88-613371c5fdc4
2026-09-12 15:35:26.830  WARN 19316 --- [cHttpClient-1-4] o.a.netty.handler.WebSocketHandler       : onError

java.net.SocketException: Connection reset
	at java.base/sun.nio.ch.SocketChannelImpl.throwConnectionReset(SocketChannelImpl.java:401) ~[na:na]
	at java.base/sun.nio.ch.SocketChannelImpl.read(SocketChannelImpl.java:434) ~[na:na]
	at io.netty.buffer.PooledByteBuf.setBytes(PooledByteBuf.java:254) ~[netty-buffer-4.1.101.Final.jar:4.1.101.Final]
	at io.netty.buffer.AbstractByteBuf.writeBytes(AbstractByteBuf.java:1132) ~[netty-buffer-4.1.101.Final.jar:4.1.101.Final]
	at io.netty.channel.socket.nio.NioSocketChannel.doReadBytes(NioSocketChannel.java:357) ~[netty-transport-4.1.101.Final.jar:4.1.101.Final]
	at io.netty.channel.nio.AbstractNioByteChannel$NioByteUnsafe.read(AbstractNioByteChannel.java:151) ~[netty-transport-4.1.101.Final.jar:4.1.101.Final]
	at io.netty.channel.nio.NioEventLoop.processSelectedKey(NioEventLoop.java:788) ~[netty-transport-4.1.101.Final.jar:4.1.101.Final]
	at io.netty.channel.nio.NioEventLoop.processSelectedKeysOptimized(NioEventLoop.java:724) ~[netty-transport-4.1.101.Final.jar:4.1.101.Final]
	at io.netty.channel.nio.NioEventLoop.processSelectedKeys(NioEventLoop.java:650) ~[netty-transport-4.1.101.Final.jar:4.1.101.Final]
	at io.netty.channel.nio.NioEventLoop.run(NioEventLoop.java:562) ~[netty-transport-4.1.101.Final.jar:4.1.101.Final]
	at io.netty.util.concurrent.SingleThreadEventExecutor$4.run(SingleThreadEventExecutor.java:997) ~[netty-common-4.1.101.Final.jar:4.1.101.Final]
	at io.netty.util.internal.ThreadExecutorMap$2.run(ThreadExecutorMap.java:74) ~[netty-common-4.1.101.Final.jar:4.1.101.Final]
	at io.netty.util.concurrent.FastThreadLocalRunnable.run(FastThreadLocalRunnable.java:30) ~[netty-common-4.1.101.Final.jar:4.1.101.Final]
	at java.base/java.lang.Thread.run(Thread.java:1583) ~[na:na]

2026-09-12 15:35:26.831  WARN 19316 --- [cHttpClient-1-4] o.openqa.selenium.remote.http.WebSocket  : Connection reset

java.net.SocketException: Connection reset
	at java.base/sun.nio.ch.SocketChannelImpl.throwConnectionReset(SocketChannelImpl.java:401) ~[na:na]
	at java.base/sun.nio.ch.SocketChannelImpl.read(SocketChannelImpl.java:434) ~[na:na]
	at io.netty.buffer.PooledByteBuf.setBytes(PooledByteBuf.java:254) ~[netty-buffer-4.1.101.Final.jar:4.1.101.Final]
	at io.netty.buffer.AbstractByteBuf.writeBytes(AbstractByteBuf.java:1132) ~[netty-buffer-4.1.101.Final.jar:4.1.101.Final]
	at io.netty.channel.socket.nio.NioSocketChannel.doReadBytes(NioSocketChannel.java:357) ~[netty-transport-4.1.101.Final.jar:4.1.101.Final]
	at io.netty.channel.nio.AbstractNioByteChannel$NioByteUnsafe.read(AbstractNioByteChannel.java:151) ~[netty-transport-4.1.101.Final.jar:4.1.101.Final]
	at io.netty.channel.nio.NioEventLoop.processSelectedKey(NioEventLoop.java:788) ~[netty-transport-4.1.101.Final.jar:4.1.101.Final]
	at io.netty.channel.nio.NioEventLoop.processSelectedKeysOptimized(NioEventLoop.java:724) ~[netty-transport-4.1.101.Final.jar:4.1.101.Final]
	at io.netty.channel.nio.NioEventLoop.processSelectedKeys(NioEventLoop.java:650) ~[netty-transport-4.1.101.Final.jar:4.1.101.Final]
	at io.netty.channel.nio.NioEventLoop.run(NioEventLoop.java:562) ~[netty-transport-4.1.101.Final.jar:4.1.101.Final]
	at io.netty.util.concurrent.SingleThreadEventExecutor$4.run(SingleThreadEventExecutor.java:997) ~[netty-common-4.1.101.Final.jar:4.1.101.Final]
	at io.netty.util.internal.ThreadExecutorMap$2.run(ThreadExecutorMap.java:74) ~[netty-common-4.1.101.Final.jar:4.1.101.Final]
	at io.netty.util.concurrent.FastThreadLocalRunnable.run(FastThreadLocalRunnable.java:30) ~[netty-common-4.1.101.Final.jar:4.1.101.Final]
	at java.base/java.lang.Thread.run(Thread.java:1583) ~[na:na]

2026-09-12 15:35:26.832  INFO 19316 --- [       Thread-3] o.s.b.a.mongo.embedded.EmbeddedMongo     : 2026-09-12T15:35:26.832-0600 E STORAGE  [conn13] WiredTiger error (0) [1789248926:832599][24240:140716104058400], file:WiredTiger.wt, metadata-ckpt: __win_fs_rename, 121: Access denied to a file owned by WiredTiger. It will attempt a few more times. You should confirm no other processes, such as virus scanners, are accessing the WiredTiger files. Raw: [1789248926:832599][24240:140716104058400], file:WiredTiger.wt, metadata-ckpt: __win_fs_rename, 121: Access denied to a file owned by WiredTiger. It will attempt a few more times. You should confirm no other processes, such as virus scanners, are accessing the WiredTiger files.
2026-09-12 15:35:26.884  INFO 19316 --- [       Thread-3] o.s.b.a.mongo.embedded.EmbeddedMongo     : 2026-09-12T15:35:26.885-0600 I STORAGE  [conn15] createCollection: test.taco with generated UUID: 69512646-e9f7-49e4-886e-dae1b4152aa2
2026-09-12 15:35:26.903  INFO 19316 --- [       Thread-3] o.s.b.a.mongo.embedded.EmbeddedMongo     : 2026-09-12T15:35:26.903-0600 I STORAGE  [conn16] createCollection: test.paymentMethod with generated UUID: df3ce8ae-2550-4376-bb5f-33bb2c057f39
[WARNING] Tests run: 1, Failures: 0, Errors: 0, Skipped: 1, Time elapsed: 10.808 s - in tacos.DesignTacoControllerBrowserTest
[INFO] Running tacos.DesignTacoControllerWebTest
2026-09-12 15:35:27.045  INFO 19316 --- [           main] .b.t.c.SpringBootTestContextBootstrapper : Neither @ContextConfiguration nor @ContextHierarchy found for test class [tacos.DesignTacoControllerWebTest], using SpringBootContextLoader
2026-09-12 15:35:27.045  INFO 19316 --- [           main] o.s.t.c.support.AbstractContextLoader    : Could not detect default resource locations for test class [tacos.DesignTacoControllerWebTest]: no resource found for suffixes {-context.xml, Context.groovy}.
2026-09-12 15:35:27.045  INFO 19316 --- [           main] t.c.s.AnnotationConfigContextLoaderUtils : Could not detect default configuration classes for test class [tacos.DesignTacoControllerWebTest]: DesignTacoControllerWebTest does not declare any static, non-private, non-final, nested classes annotated with @Configuration.
2026-09-12 15:35:27.048  INFO 19316 --- [           main] .b.t.c.SpringBootTestContextBootstrapper : Found @SpringBootConfiguration tacos.TacoCloudApplication for test class tacos.DesignTacoControllerWebTest
2026-09-12 15:35:27.048  INFO 19316 --- [           main] .b.t.c.SpringBootTestContextBootstrapper : Loaded default TestExecutionListener class names from location [META-INF/spring.factories]: [org.springframework.boot.test.mock.mockito.MockitoTestExecutionListener, org.springframework.boot.test.mock.mockito.ResetMocksTestExecutionListener, org.springframework.boot.test.autoconfigure.restdocs.RestDocsTestExecutionListener, org.springframework.boot.test.autoconfigure.web.client.MockRestServiceServerResetTestExecutionListener, org.springframework.boot.test.autoconfigure.web.servlet.MockMvcPrintOnlyOnFailureTestExecutionListener, org.springframework.boot.test.autoconfigure.web.servlet.WebDriverTestExecutionListener, org.springframework.boot.test.autoconfigure.webservices.client.MockWebServiceServerTestExecutionListener, org.springframework.test.context.web.ServletTestExecutionListener, org.springframework.test.context.support.DirtiesContextBeforeModesTestExecutionListener, org.springframework.test.context.event.ApplicationEventsTestExecutionListener, org.springframework.test.context.support.DependencyInjectionTestExecutionListener, org.springframework.test.context.support.DirtiesContextTestExecutionListener, org.springframework.test.context.transaction.TransactionalTestExecutionListener, org.springframework.test.context.jdbc.SqlScriptsTestExecutionListener, org.springframework.test.context.event.EventPublishingTestExecutionListener]
2026-09-12 15:35:27.049  INFO 19316 --- [           main] .b.t.c.SpringBootTestContextBootstrapper : Using TestExecutionListeners: [org.springframework.test.context.web.ServletTestExecutionListener@122bfaac, org.springframework.test.context.support.DirtiesContextBeforeModesTestExecutionListener@7ae3591b, org.springframework.test.context.event.ApplicationEventsTestExecutionListener@67954d71, org.springframework.boot.test.mock.mockito.MockitoTestExecutionListener@234421ca, org.springframework.boot.test.autoconfigure.SpringBootDependencyInjectionTestExecutionListener@6e774194, org.springframework.test.context.support.DirtiesContextTestExecutionListener@ebcf6c0, org.springframework.test.context.transaction.TransactionalTestExecutionListener@438fcca3, org.springframework.test.context.jdbc.SqlScriptsTestExecutionListener@41c7ef69, org.springframework.test.context.event.EventPublishingTestExecutionListener@15e86d24, org.springframework.boot.test.mock.mockito.ResetMocksTestExecutionListener@7c0b83af, org.springframework.boot.test.autoconfigure.restdocs.RestDocsTestExecutionListener@415cb259, org.springframework.boot.test.autoconfigure.web.client.MockRestServiceServerResetTestExecutionListener@3f1eb1bc, org.springframework.boot.test.autoconfigure.web.servlet.MockMvcPrintOnlyOnFailureTestExecutionListener@69497a36, org.springframework.boot.test.autoconfigure.web.servlet.WebDriverTestExecutionListener@497f8a4b, org.springframework.boot.test.autoconfigure.webservices.client.MockWebServiceServerTestExecutionListener@6d952747]
2026-09-12 15:35:27.338  INFO 19316 --- [       Thread-3] o.s.b.a.mongo.embedded.EmbeddedMongo     : 2026-09-12T15:35:27.339-0600 E STORAGE  [WTCheckpointThread] WiredTiger error (0) [1789248927:338784][24240:140716104058400], file:WiredTiger.wt, WT_SESSION.checkpoint: __win_fs_rename, 121: Access denied to a file owned by WiredTiger. It will attempt a few more times. You should confirm no other processes, such as virus scanners, are accessing the WiredTiger files. Raw: [1789248927:338784][24240:140716104058400], file:WiredTiger.wt, WT_SESSION.checkpoint: __win_fs_rename, 121: Access denied to a file owned by WiredTiger. It will attempt a few more times. You should confirm no other processes, such as virus scanners, are accessing the WiredTiger files.
2026-09-12 15:35:27.408  INFO 19316 --- [       Thread-3] o.s.b.a.mongo.embedded.EmbeddedMongo     : 2026-09-12T15:35:27.408-0600 E STORAGE  [WTCheckpointThread] WiredTiger error (0) [1789248927:407823][24240:140716104058400], file:WiredTiger.wt, WT_SESSION.checkpoint: __win_fs_rename, 121: Access denied to a file owned by WiredTiger. It will attempt a few more times. You should confirm no other processes, such as virus scanners, are accessing the WiredTiger files. Raw: [1789248927:407823][24240:140716104058400], file:WiredTiger.wt, WT_SESSION.checkpoint: __win_fs_rename, 121: Access denied to a file owned by WiredTiger. It will attempt a few more times. You should confirm no other processes, such as virus scanners, are accessing the WiredTiger files.
2026-09-12 15:35:27.429  INFO 19316 --- [o-auto-1-exec-1] o.a.c.c.C.[Tomcat].[localhost].[/]       : Initializing Spring DispatcherServlet 'dispatcherServlet'
2026-09-12 15:35:27.429  INFO 19316 --- [o-auto-1-exec-1] o.s.web.servlet.DispatcherServlet        : Initializing Servlet 'dispatcherServlet'
2026-09-12 15:35:27.430  INFO 19316 --- [o-auto-1-exec-1] o.s.web.servlet.DispatcherServlet        : Completed initialization in 1 ms
2026-09-12 15:35:27.475  INFO 19316 --- [       Thread-3] o.s.b.a.mongo.embedded.EmbeddedMongo     : 2026-09-12T15:35:27.476-0600 E STORAGE  [WTCheckpointThread] WiredTiger error (0) [1789248927:475750][24240:140716104058400], file:WiredTiger.wt, WT_SESSION.checkpoint: __win_fs_rename, 121: Access denied to a file owned by WiredTiger. It will attempt a few more times. You should confirm no other processes, such as virus scanners, are accessing the WiredTiger files. Raw: [1789248927:475750][24240:140716104058400], file:WiredTiger.wt, WT_SESSION.checkpoint: __win_fs_rename, 121: Access denied to a file owned by WiredTiger. It will attempt a few more times. You should confirm no other processes, such as virus scanners, are accessing the WiredTiger files.
[INFO] Tests run: 1, Failures: 0, Errors: 0, Skipped: 0, Time elapsed: 0.527 s - in tacos.DesignTacoControllerWebTest
[INFO] Running tacos.HomeControllerTest
[WARNING] Tests run: 1, Failures: 0, Errors: 0, Skipped: 1, Time elapsed: 0.001 s - in tacos.HomeControllerTest
[INFO] Running tacos.TacoCloudApplicationTests
2026-09-12 15:35:27.582  INFO 19316 --- [           main] .b.t.c.SpringBootTestContextBootstrapper : Neither @ContextConfiguration nor @ContextHierarchy found for test class [tacos.TacoCloudApplicationTests], using SpringBootContextLoader
2026-09-12 15:35:27.583  INFO 19316 --- [           main] o.s.t.c.support.AbstractContextLoader    : Could not detect default resource locations for test class [tacos.TacoCloudApplicationTests]: no resource found for suffixes {-context.xml, Context.groovy}.
2026-09-12 15:35:27.583  INFO 19316 --- [           main] t.c.s.AnnotationConfigContextLoaderUtils : Could not detect default configuration classes for test class [tacos.TacoCloudApplicationTests]: TacoCloudApplicationTests does not declare any static, non-private, non-final, nested classes annotated with @Configuration.
2026-09-12 15:35:27.584  INFO 19316 --- [           main] .b.t.c.SpringBootTestContextBootstrapper : Found @SpringBootConfiguration tacos.TacoCloudApplication for test class tacos.TacoCloudApplicationTests
2026-09-12 15:35:27.584  INFO 19316 --- [           main] .b.t.c.SpringBootTestContextBootstrapper : Loaded default TestExecutionListener class names from location [META-INF/spring.factories]: [org.springframework.boot.test.mock.mockito.MockitoTestExecutionListener, org.springframework.boot.test.mock.mockito.ResetMocksTestExecutionListener, org.springframework.boot.test.autoconfigure.restdocs.RestDocsTestExecutionListener, org.springframework.boot.test.autoconfigure.web.client.MockRestServiceServerResetTestExecutionListener, org.springframework.boot.test.autoconfigure.web.servlet.MockMvcPrintOnlyOnFailureTestExecutionListener, org.springframework.boot.test.autoconfigure.web.servlet.WebDriverTestExecutionListener, org.springframework.boot.test.autoconfigure.webservices.client.MockWebServiceServerTestExecutionListener, org.springframework.test.context.web.ServletTestExecutionListener, org.springframework.test.context.support.DirtiesContextBeforeModesTestExecutionListener, org.springframework.test.context.event.ApplicationEventsTestExecutionListener, org.springframework.test.context.support.DependencyInjectionTestExecutionListener, org.springframework.test.context.support.DirtiesContextTestExecutionListener, org.springframework.test.context.transaction.TransactionalTestExecutionListener, org.springframework.test.context.jdbc.SqlScriptsTestExecutionListener, org.springframework.test.context.event.EventPublishingTestExecutionListener]
2026-09-12 15:35:27.584  INFO 19316 --- [           main] .b.t.c.SpringBootTestContextBootstrapper : Using TestExecutionListeners: [org.springframework.test.context.web.ServletTestExecutionListener@5e9c6d8a, org.springframework.test.context.support.DirtiesContextBeforeModesTestExecutionListener@6b760eb7, org.springframework.test.context.event.ApplicationEventsTestExecutionListener@ddd0e97, org.springframework.boot.test.mock.mockito.MockitoTestExecutionListener@42d8b670, org.springframework.boot.test.autoconfigure.SpringBootDependencyInjectionTestExecutionListener@7f15639c, org.springframework.test.context.support.DirtiesContextTestExecutionListener@24cdc97f, org.springframework.test.context.transaction.TransactionalTestExecutionListener@4101d2c7, org.springframework.test.context.jdbc.SqlScriptsTestExecutionListener@466d87a1, org.springframework.test.context.event.EventPublishingTestExecutionListener@12300573, org.springframework.boot.test.mock.mockito.ResetMocksTestExecutionListener@58fcb07b, org.springframework.boot.test.autoconfigure.restdocs.RestDocsTestExecutionListener@1724c649, org.springframework.boot.test.autoconfigure.web.client.MockRestServiceServerResetTestExecutionListener@3d5e1b83, org.springframework.boot.test.autoconfigure.web.servlet.MockMvcPrintOnlyOnFailureTestExecutionListener@2fd79ac6, org.springframework.boot.test.autoconfigure.web.servlet.WebDriverTestExecutionListener@1215982f, org.springframework.boot.test.autoconfigure.webservices.client.MockWebServiceServerTestExecutionListener@233202aa]
2026-09-12 15:35:27.603  INFO 19316 --- [       Thread-3] o.s.b.a.mongo.embedded.EmbeddedMongo     : 2026-09-12T15:35:27.603-0600 E STORAGE  [WTCheckpointThread] WiredTiger error (0) [1789248927:603298][24240:140716104058400], file:WiredTiger.wt, WT_SESSION.checkpoint: __win_fs_rename, 121: Access denied to a file owned by WiredTiger. It will attempt a few more times. You should confirm no other processes, such as virus scanners, are accessing the WiredTiger files. Raw: [1789248927:603298][24240:140716104058400], file:WiredTiger.wt, WT_SESSION.checkpoint: __win_fs_rename, 121: Access denied to a file owned by WiredTiger. It will attempt a few more times. You should confirm no other processes, such as virus scanners, are accessing the WiredTiger files.

  .   ____          _            __ _ _
 /\\ / ___'_ __ _ _(_)_ __  __ _ \ \ \ \
( ( )\___ | '_ | '_| | '_ \/ _` | \ \ \ \
 \\/  ___)| |_)| | | | | || (_| |  ) ) ) )
  '  |____| .__|_| |_|_| |_\__, | / / / /
 =========|_|==============|___/=/_/_/_/
 :: Spring Boot ::               (v2.7.18)

2026-09-12 15:35:27.609  INFO 19316 --- [           main] tacos.TacoCloudApplicationTests          : Starting TacoCloudApplicationTests using Java 21.0.12 on EDan-ROG with PID 19316 (started by danie in C:\Users\danie\Documents\Taco-Cloud-Practice\tacocloud\tacocloud)
2026-09-12 15:35:27.609  INFO 19316 --- [           main] tacos.TacoCloudApplicationTests          : No active profile set, falling back to 1 default profile: "default"
2026-09-12 15:35:27.610  WARN 19316 --- [           main] o.s.b.c.config.ConfigDataEnvironment     : Property 'spring.profiles' imported from location 'class path resource [application.yml]' is invalid and should be replaced with 'spring.config.activate.on-profile' [origin: class path resource [application.yml] - 92:13]
2026-09-12 15:35:27.670  INFO 19316 --- [       Thread-3] o.s.b.a.mongo.embedded.EmbeddedMongo     : 2026-09-12T15:35:27.667-0600 E STORAGE  [WTCheckpointThread] WiredTiger error (0) [1789248927:667151][24240:140716104058400], file:WiredTiger.wt, WT_SESSION.checkpoint: __win_fs_rename, 121: Access denied to a file owned by WiredTiger. It will attempt a few more times. You should confirm no other processes, such as virus scanners, are accessing the WiredTiger files. Raw: [1789248927:667151][24240:140716104058400], file:WiredTiger.wt, WT_SESSION.checkpoint: __win_fs_rename, 121: Access denied to a file owned by WiredTiger. It will attempt a few more times. You should confirm no other processes, such as virus scanners, are accessing the WiredTiger files.
2026-09-12 15:35:27.728  INFO 19316 --- [       Thread-3] o.s.b.a.mongo.embedded.EmbeddedMongo     : 2026-09-12T15:35:27.728-0600 E STORAGE  [WTCheckpointThread] WiredTiger error (0) [1789248927:727749][24240:140716104058400], file:WiredTiger.wt, WT_SESSION.checkpoint: __win_fs_rename, 121: Access denied to a file owned by WiredTiger. It will attempt a few more times. You should confirm no other processes, such as virus scanners, are accessing the WiredTiger files. Raw: [1789248927:727749][24240:140716104058400], file:WiredTiger.wt, WT_SESSION.checkpoint: __win_fs_rename, 121: Access denied to a file owned by WiredTiger. It will attempt a few more times. You should confirm no other processes, such as virus scanners, are accessing the WiredTiger files.
2026-09-12 15:35:27.798  INFO 19316 --- [           main] .s.d.r.c.RepositoryConfigurationDelegate : Bootstrapping Spring Data Reactive MongoDB repositories in DEFAULT mode.
2026-09-12 15:35:27.800  INFO 19316 --- [       Thread-3] o.s.b.a.mongo.embedded.EmbeddedMongo     : 2026-09-12T15:35:27.800-0600 E STORAGE  [WTCheckpointThread] WiredTiger error (0) [1789248927:800439][24240:140716104058400], file:WiredTiger.wt, WT_SESSION.checkpoint: __win_fs_rename, 121: Access denied to a file owned by WiredTiger. It will attempt a few more times. You should confirm no other processes, such as virus scanners, are accessing the WiredTiger files. Raw: [1789248927:800439][24240:140716104058400], file:WiredTiger.wt, WT_SESSION.checkpoint: __win_fs_rename, 121: Access denied to a file owned by WiredTiger. It will attempt a few more times. You should confirm no other processes, such as virus scanners, are accessing the WiredTiger files.
2026-09-12 15:35:27.807  INFO 19316 --- [           main] .s.d.r.c.RepositoryConfigurationDelegate : Finished Spring Data repository scanning in 8 ms. Found 5 Reactive MongoDB repository interfaces.
2026-09-12 15:35:27.911  INFO 19316 --- [       Thread-3] o.s.b.a.mongo.embedded.EmbeddedMongo     : 2026-09-12T15:35:27.911-0600 E STORAGE  [WTCheckpointThread] WiredTiger error (0) [1789248927:911016][24240:140716104058400], file:WiredTiger.wt, WT_SESSION.checkpoint: __win_fs_rename, 121: Access denied to a file owned by WiredTiger. It will attempt a few more times. You should confirm no other processes, such as virus scanners, are accessing the WiredTiger files. Raw: [1789248927:911016][24240:140716104058400], file:WiredTiger.wt, WT_SESSION.checkpoint: __win_fs_rename, 121: Access denied to a file owned by WiredTiger. It will attempt a few more times. You should confirm no other processes, such as virus scanners, are accessing the WiredTiger files.
2026-09-12 15:35:27.986  INFO 19316 --- [       Thread-3] o.s.b.a.mongo.embedded.EmbeddedMongo     : 2026-09-12T15:35:27.986-0600 E STORAGE  [WTCheckpointThread] WiredTiger error (0) [1789248927:986108][24240:140716104058400], file:WiredTiger.wt, WT_SESSION.checkpoint: __win_fs_rename, 121: Access denied to a file owned by WiredTiger. It will attempt a few more times. You should confirm no other processes, such as virus scanners, are accessing the WiredTiger files. Raw: [1789248927:986108][24240:140716104058400], file:WiredTiger.wt, WT_SESSION.checkpoint: __win_fs_rename, 121: Access denied to a file owned by WiredTiger. It will attempt a few more times. You should confirm no other processes, such as virus scanners, are accessing the WiredTiger files.
2026-09-12 15:35:28.046  INFO 19316 --- [       Thread-3] o.s.b.a.mongo.embedded.EmbeddedMongo     : 2026-09-12T15:35:28.047-0600 E STORAGE  [WTCheckpointThread] WiredTiger error (0) [1789248928:46626][24240:140716104058400], file:WiredTiger.wt, WT_SESSION.checkpoint: __win_fs_rename, 121: Access denied to a file owned by WiredTiger. It will attempt a few more times. You should confirm no other processes, such as virus scanners, are accessing the WiredTiger files. Raw: [1789248928:46626][24240:140716104058400], file:WiredTiger.wt, WT_SESSION.checkpoint: __win_fs_rename, 121: Access denied to a file owned by WiredTiger. It will attempt a few more times. You should confirm no other processes, such as virus scanners, are accessing the WiredTiger files.
2026-09-12 15:35:28.111  INFO 19316 --- [       Thread-3] o.s.b.a.mongo.embedded.EmbeddedMongo     : 2026-09-12T15:35:28.112-0600 E STORAGE  [WTCheckpointThread] WiredTiger error (0) [1789248928:111813][24240:140716104058400], file:WiredTiger.wt, WT_SESSION.checkpoint: __win_fs_rename, 121: Access denied to a file owned by WiredTiger. It will attempt a few more times. You should confirm no other processes, such as virus scanners, are accessing the WiredTiger files. Raw: [1789248928:111813][24240:140716104058400], file:WiredTiger.wt, WT_SESSION.checkpoint: __win_fs_rename, 121: Access denied to a file owned by WiredTiger. It will attempt a few more times. You should confirm no other processes, such as virus scanners, are accessing the WiredTiger files.
2026-09-12 15:35:28.186  INFO 19316 --- [       Thread-3] o.s.b.a.mongo.embedded.EmbeddedMongo     : 2026-09-12T15:35:28.186-0600 E STORAGE  [WTCheckpointThread] WiredTiger error (0) [1789248928:186155][24240:140716104058400], file:WiredTiger.wt, WT_SESSION.checkpoint: __win_fs_rename, 121: Access denied to a file owned by WiredTiger. It will attempt a few more times. You should confirm no other processes, such as virus scanners, are accessing the WiredTiger files. Raw: [1789248928:186155][24240:140716104058400], file:WiredTiger.wt, WT_SESSION.checkpoint: __win_fs_rename, 121: Access denied to a file owned by WiredTiger. It will attempt a few more times. You should confirm no other processes, such as virus scanners, are accessing the WiredTiger files.
2026-09-12 15:35:28.240  INFO 19316 --- [       Thread-3] o.s.b.a.mongo.embedded.EmbeddedMongo     : 2026-09-12T15:35:28.241-0600 E STORAGE  [WTCheckpointThread] WiredTiger error (0) [1789248928:240411][24240:140716104058400], file:WiredTiger.wt, WT_SESSION.checkpoint: __win_fs_rename, 121: Access denied to a file owned by WiredTiger. It will attempt a few more times. You should confirm no other processes, such as virus scanners, are accessing the WiredTiger files. Raw: [1789248928:240411][24240:140716104058400], file:WiredTiger.wt, WT_SESSION.checkpoint: __win_fs_rename, 121: Access denied to a file owned by WiredTiger. It will attempt a few more times. You should confirm no other processes, such as virus scanners, are accessing the WiredTiger files.
2026-09-12 15:35:28.388  INFO 19316 --- [       Thread-3] o.s.b.a.mongo.embedded.EmbeddedMongo     : 2026-09-12T15:35:28.388-0600 E STORAGE  [WTCheckpointThread] WiredTiger error (0) [1789248928:388784][24240:140716104058400], file:WiredTiger.wt, WT_SESSION.checkpoint: __win_fs_rename, 121: Access denied to a file owned by WiredTiger. It will attempt a few more times. You should confirm no other processes, such as virus scanners, are accessing the WiredTiger files. Raw: [1789248928:388784][24240:140716104058400], file:WiredTiger.wt, WT_SESSION.checkpoint: __win_fs_rename, 121: Access denied to a file owned by WiredTiger. It will attempt a few more times. You should confirm no other processes, such as virus scanners, are accessing the WiredTiger files.
2026-09-12 15:35:28.465  INFO 19316 --- [       Thread-3] o.s.b.a.mongo.embedded.EmbeddedMongo     : 2026-09-12T15:35:28.465-0600 E STORAGE  [WTCheckpointThread] WiredTiger error (0) [1789248928:463888][24240:140716104058400], file:WiredTiger.wt, WT_SESSION.checkpoint: __win_fs_rename, 121: Access denied to a file owned by WiredTiger. It will attempt a few more times. You should confirm no other processes, such as virus scanners, are accessing the WiredTiger files. Raw: [1789248928:463888][24240:140716104058400], file:WiredTiger.wt, WT_SESSION.checkpoint: __win_fs_rename, 121: Access denied to a file owned by WiredTiger. It will attempt a few more times. You should confirm no other processes, such as virus scanners, are accessing the WiredTiger files.
2026-09-12 15:35:28.576  INFO 19316 --- [       Thread-3] o.s.b.a.mongo.embedded.EmbeddedMongo     : 2026-09-12T15:35:28.577-0600 E STORAGE  [WTCheckpointThread] WiredTiger error (0) [1789248928:576994][24240:140716104058400], file:WiredTiger.wt, WT_SESSION.checkpoint: __win_fs_rename, 121: Access denied to a file owned by WiredTiger. It will attempt a few more times. You should confirm no other processes, such as virus scanners, are accessing the WiredTiger files. Raw: [1789248928:576994][24240:140716104058400], file:WiredTiger.wt, WT_SESSION.checkpoint: __win_fs_rename, 121: Access denied to a file owned by WiredTiger. It will attempt a few more times. You should confirm no other processes, such as virus scanners, are accessing the WiredTiger files.
2026-09-12 15:35:28.635  INFO 19316 --- [       Thread-3] o.s.b.a.mongo.embedded.EmbeddedMongo     : 2026-09-12T15:35:28.636-0600 E STORAGE  [WTCheckpointThread] WiredTiger error (0) [1789248928:635661][24240:140716104058400], file:WiredTiger.wt, WT_SESSION.checkpoint: __win_fs_rename, 121: Access denied to a file owned by WiredTiger. It will attempt a few more times. You should confirm no other processes, such as virus scanners, are accessing the WiredTiger files. Raw: [1789248928:635661][24240:140716104058400], file:WiredTiger.wt, WT_SESSION.checkpoint: __win_fs_rename, 121: Access denied to a file owned by WiredTiger. It will attempt a few more times. You should confirm no other processes, such as virus scanners, are accessing the WiredTiger files.
2026-09-12 15:35:28.697  INFO 19316 --- [       Thread-3] o.s.b.a.mongo.embedded.EmbeddedMongo     : 2026-09-12T15:35:28.697-0600 E STORAGE  [WTCheckpointThread] WiredTiger error (0) [1789248928:696941][24240:140716104058400], file:WiredTiger.wt, WT_SESSION.checkpoint: __win_fs_rename, 121: Access denied to a file owned by WiredTiger. It will attempt a few more times. You should confirm no other processes, such as virus scanners, are accessing the WiredTiger files. Raw: [1789248928:696941][24240:140716104058400], file:WiredTiger.wt, WT_SESSION.checkpoint: __win_fs_rename, 121: Access denied to a file owned by WiredTiger. It will attempt a few more times. You should confirm no other processes, such as virus scanners, are accessing the WiredTiger files.
2026-09-12 15:35:28.767  INFO 19316 --- [       Thread-3] o.s.b.a.mongo.embedded.EmbeddedMongo     : 2026-09-12T15:35:28.767-0600 E STORAGE  [WTCheckpointThread] WiredTiger error (0) [1789248928:767133][24240:140716104058400], file:WiredTiger.wt, WT_SESSION.checkpoint: __win_fs_rename, 121: Access denied to a file owned by WiredTiger. It will attempt a few more times. You should confirm no other processes, such as virus scanners, are accessing the WiredTiger files. Raw: [1789248928:767133][24240:140716104058400], file:WiredTiger.wt, WT_SESSION.checkpoint: __win_fs_rename, 121: Access denied to a file owned by WiredTiger. It will attempt a few more times. You should confirm no other processes, such as virus scanners, are accessing the WiredTiger files.
2026-09-12 15:35:28.897  INFO 19316 --- [       Thread-3] o.s.b.a.mongo.embedded.EmbeddedMongo     : 2026-09-12T15:35:28.897-0600 E STORAGE  [WTCheckpointThread] WiredTiger error (0) [1789248928:896413][24240:140716104058400], file:WiredTiger.wt, WT_SESSION.checkpoint: __win_fs_rename, 121: Access denied to a file owned by WiredTiger. It will attempt a few more times. You should confirm no other processes, such as virus scanners, are accessing the WiredTiger files. Raw: [1789248928:896413][24240:140716104058400], file:WiredTiger.wt, WT_SESSION.checkpoint: __win_fs_rename, 121: Access denied to a file owned by WiredTiger. It will attempt a few more times. You should confirm no other processes, such as virus scanners, are accessing the WiredTiger files.
2026-09-12 15:35:28.962  INFO 19316 --- [       Thread-3] o.s.b.a.mongo.embedded.EmbeddedMongo     : 2026-09-12T15:35:28.963-0600 E STORAGE  [WTCheckpointThread] WiredTiger error (0) [1789248928:962748][24240:140716104058400], file:WiredTiger.wt, WT_SESSION.checkpoint: __win_fs_rename, 121: Access denied to a file owned by WiredTiger. It will attempt a few more times. You should confirm no other processes, such as virus scanners, are accessing the WiredTiger files. Raw: [1789248928:962748][24240:140716104058400], file:WiredTiger.wt, WT_SESSION.checkpoint: __win_fs_rename, 121: Access denied to a file owned by WiredTiger. It will attempt a few more times. You should confirm no other processes, such as virus scanners, are accessing the WiredTiger files.
java.lang.reflect.InaccessibleObjectException: Unable to make field private final long java.lang.ProcessImpl.handle accessible: module java.base does not "opens java.lang" to unnamed module @b3d7190
	at java.base/java.lang.reflect.AccessibleObject.throwInaccessibleObjectException(AccessibleObject.java:391)
	at java.base/java.lang.reflect.AccessibleObject.checkCanSetAccessible(AccessibleObject.java:367)
	at java.base/java.lang.reflect.AccessibleObject.checkCanSetAccessible(AccessibleObject.java:315)
	at java.base/java.lang.reflect.Field.checkCanSetAccessible(Field.java:183)
	at java.base/java.lang.reflect.Field.setAccessible(Field.java:177)
	at de.flapdoodle.embed.process.runtime.Processes.windowsProcessId(Processes.java:115)
	at de.flapdoodle.embed.process.runtime.Processes.access$200(Processes.java:48)
	at de.flapdoodle.embed.process.runtime.Processes$PidHelper$3.getPid(Processes.java:220)
	at de.flapdoodle.embed.process.runtime.Processes.processId(Processes.java:83)
	at de.flapdoodle.embed.process.runtime.ProcessControl.<init>(ProcessControl.java:65)
	at de.flapdoodle.embed.process.runtime.ProcessControl.start(ProcessControl.java:165)
	at de.flapdoodle.embed.process.runtime.AbstractProcess.<init>(AbstractProcess.java:98)
	at de.flapdoodle.embed.mongo.AbstractMongoProcess.<init>(AbstractMongoProcess.java:55)
	at de.flapdoodle.embed.mongo.MongodProcess.<init>(MongodProcess.java:50)
	at de.flapdoodle.embed.mongo.MongodExecutable.start(MongodExecutable.java:44)
	at de.flapdoodle.embed.mongo.MongodExecutable.start(MongodExecutable.java:34)
	at de.flapdoodle.embed.process.runtime.Executable.start(Executable.java:109)
	at java.base/jdk.internal.reflect.DirectMethodHandleAccessor.invoke(DirectMethodHandleAccessor.java:103)
	at java.base/java.lang.reflect.Method.invoke(Method.java:580)
	at org.springframework.beans.factory.support.AbstractAutowireCapableBeanFactory.invokeCustomInitMethod(AbstractAutowireCapableBeanFactory.java:1930)
	at org.springframework.beans.factory.support.AbstractAutowireCapableBeanFactory.invokeInitMethods(AbstractAutowireCapableBeanFactory.java:1872)
	at org.springframework.beans.factory.support.AbstractAutowireCapableBeanFactory.initializeBean(AbstractAutowireCapableBeanFactory.java:1800)
	at org.springframework.beans.factory.support.AbstractAutowireCapableBeanFactory.doCreateBean(AbstractAutowireCapableBeanFactory.java:620)
	at org.springframework.beans.factory.support.AbstractAutowireCapableBeanFactory.createBean(AbstractAutowireCapableBeanFactory.java:542)
	at org.springframework.beans.factory.support.AbstractBeanFactory.lambda$doGetBean$0(AbstractBeanFactory.java:335)
	at org.springframework.beans.factory.support.DefaultSingletonBeanRegistry.getSingleton(DefaultSingletonBeanRegistry.java:234)
	at org.springframework.beans.factory.support.AbstractBeanFactory.doGetBean(AbstractBeanFactory.java:333)
	at org.springframework.beans.factory.support.AbstractBeanFactory.getBean(AbstractBeanFactory.java:208)
	at org.springframework.beans.factory.support.AbstractBeanFactory.doGetBean(AbstractBeanFactory.java:322)
	at org.springframework.beans.factory.support.AbstractBeanFactory.getBean(AbstractBeanFactory.java:208)
	at org.springframework.beans.factory.config.DependencyDescriptor.resolveCandidate(DependencyDescriptor.java:276)
	at org.springframework.beans.factory.support.DefaultListableBeanFactory.doResolveDependency(DefaultListableBeanFactory.java:1391)
	at org.springframework.beans.factory.support.DefaultListableBeanFactory.resolveDependency(DefaultListableBeanFactory.java:1311)
	at org.springframework.beans.factory.support.ConstructorResolver.resolveAutowiredArgument(ConstructorResolver.java:911)
	at org.springframework.beans.factory.support.ConstructorResolver.createArgumentArray(ConstructorResolver.java:788)
	at org.springframework.beans.factory.support.ConstructorResolver.instantiateUsingFactoryMethod(ConstructorResolver.java:536)
	at org.springframework.beans.factory.support.AbstractAutowireCapableBeanFactory.instantiateUsingFactoryMethod(AbstractAutowireCapableBeanFactory.java:1352)
	at org.springframework.beans.factory.support.AbstractAutowireCapableBeanFactory.createBeanInstance(AbstractAutowireCapableBeanFactory.java:1195)
	at org.springframework.beans.factory.support.AbstractAutowireCapableBeanFactory.doCreateBean(AbstractAutowireCapableBeanFactory.java:582)
	at org.springframework.beans.factory.support.AbstractAutowireCapableBeanFactory.createBean(AbstractAutowireCapableBeanFactory.java:542)
	at org.springframework.beans.factory.support.AbstractBeanFactory.lambda$doGetBean$0(AbstractBeanFactory.java:335)
	at org.springframework.beans.factory.support.DefaultSingletonBeanRegistry.getSingleton(DefaultSingletonBeanRegistry.java:234)
	at org.springframework.beans.factory.support.AbstractBeanFactory.doGetBean(AbstractBeanFactory.java:333)
	at org.springframework.beans.factory.support.AbstractBeanFactory.getBean(AbstractBeanFactory.java:208)
	at org.springframework.beans.factory.config.DependencyDescriptor.resolveCandidate(DependencyDescriptor.java:276)
	at org.springframework.beans.factory.support.DefaultListableBeanFactory.doResolveDependency(DefaultListableBeanFactory.java:1391)
	at org.springframework.beans.factory.support.DefaultListableBeanFactory.resolveDependency(DefaultListableBeanFactory.java:1311)
	at org.springframework.beans.factory.support.ConstructorResolver.resolveAutowiredArgument(ConstructorResolver.java:911)
	at org.springframework.beans.factory.support.ConstructorResolver.createArgumentArray(ConstructorResolver.java:788)
	at org.springframework.beans.factory.support.ConstructorResolver.instantiateUsingFactoryMethod(ConstructorResolver.java:536)
	at org.springframework.beans.factory.support.AbstractAutowireCapableBeanFactory.instantiateUsingFactoryMethod(AbstractAutowireCapableBeanFactory.java:1352)
	at org.springframework.beans.factory.support.AbstractAutowireCapableBeanFactory.createBeanInstance(AbstractAutowireCapableBeanFactory.java:1195)
	at org.springframework.beans.factory.support.AbstractAutowireCapableBeanFactory.doCreateBean(AbstractAutowireCapableBeanFactory.java:582)
	at org.springframework.beans.factory.support.AbstractAutowireCapableBeanFactory.createBean(AbstractAutowireCapableBeanFactory.java:542)
	at org.springframework.beans.factory.support.AbstractBeanFactory.lambda$doGetBean$0(AbstractBeanFactory.java:335)
	at org.springframework.beans.factory.support.DefaultSingletonBeanRegistry.getSingleton(DefaultSingletonBeanRegistry.java:234)
	at org.springframework.beans.factory.support.AbstractBeanFactory.doGetBean(AbstractBeanFactory.java:333)
	at org.springframework.beans.factory.support.AbstractBeanFactory.getBean(AbstractBeanFactory.java:208)
	at org.springframework.beans.factory.support.BeanDefinitionValueResolver.resolveReference(BeanDefinitionValueResolver.java:330)
	at org.springframework.beans.factory.support.BeanDefinitionValueResolver.resolveValueIfNecessary(BeanDefinitionValueResolver.java:113)
	at org.springframework.beans.factory.support.AbstractAutowireCapableBeanFactory.applyPropertyValues(AbstractAutowireCapableBeanFactory.java:1707)
	at org.springframework.beans.factory.support.AbstractAutowireCapableBeanFactory.populateBean(AbstractAutowireCapableBeanFactory.java:1452)
	at org.springframework.beans.factory.support.AbstractAutowireCapableBeanFactory.doCreateBean(AbstractAutowireCapableBeanFactory.java:619)
	at org.springframework.beans.factory.support.AbstractAutowireCapableBeanFactory.createBean(AbstractAutowireCapableBeanFactory.java:542)
	at org.springframework.beans.factory.support.AbstractBeanFactory.lambda$doGetBean$0(AbstractBeanFactory.java:335)
	at org.springframework.beans.factory.support.DefaultSingletonBeanRegistry.getSingleton(DefaultSingletonBeanRegistry.java:234)
	at org.springframework.beans.factory.support.AbstractBeanFactory.doGetBean(AbstractBeanFactory.java:333)
	at org.springframework.beans.factory.support.AbstractBeanFactory.getBean(AbstractBeanFactory.java:208)
	at org.springframework.beans.factory.config.DependencyDescriptor.resolveCandidate(DependencyDescriptor.java:276)
	at org.springframework.beans.factory.support.DefaultListableBeanFactory.doResolveDependency(DefaultListableBeanFactory.java:1391)
	at org.springframework.beans.factory.support.DefaultListableBeanFactory.resolveDependency(DefaultListableBeanFactory.java:1311)
	at org.springframework.beans.factory.support.ConstructorResolver.resolveAutowiredArgument(ConstructorResolver.java:911)
	at org.springframework.beans.factory.support.ConstructorResolver.createArgumentArray(ConstructorResolver.java:788)
	at org.springframework.beans.factory.support.ConstructorResolver.autowireConstructor(ConstructorResolver.java:224)
	at org.springframework.beans.factory.support.AbstractAutowireCapableBeanFactory.autowireConstructor(AbstractAutowireCapableBeanFactory.java:1372)
	at org.springframework.beans.factory.support.AbstractAutowireCapableBeanFactory.createBeanInstance(AbstractAutowireCapableBeanFactory.java:1222)
	at org.springframework.beans.factory.support.AbstractAutowireCapableBeanFactory.doCreateBean(AbstractAutowireCapableBeanFactory.java:582)
	at org.springframework.beans.factory.support.AbstractAutowireCapableBeanFactory.createBean(AbstractAutowireCapableBeanFactory.java:542)
	at org.springframework.beans.factory.support.AbstractBeanFactory.lambda$doGetBean$0(AbstractBeanFactory.java:335)
	at org.springframework.beans.factory.support.DefaultSingletonBeanRegistry.getSingleton(DefaultSingletonBeanRegistry.java:234)
	at org.springframework.beans.factory.support.AbstractBeanFactory.doGetBean(AbstractBeanFactory.java:333)
	at org.springframework.beans.factory.support.AbstractBeanFactory.getBean(AbstractBeanFactory.java:208)
	at org.springframework.beans.factory.support.DefaultListableBeanFactory.preInstantiateSingletons(DefaultListableBeanFactory.java:955)
	at org.springframework.context.support.AbstractApplicationContext.finishBeanFactoryInitialization(AbstractApplicationContext.java:929)
	at org.springframework.context.support.AbstractApplicationContext.refresh(AbstractApplicationContext.java:591)
	at org.springframework.boot.SpringApplication.refresh(SpringApplication.java:732)
	at org.springframework.boot.SpringApplication.refreshContext(SpringApplication.java:409)
	at org.springframework.boot.SpringApplication.run(SpringApplication.java:308)
	at org.springframework.boot.test.context.SpringBootContextLoader.loadContext(SpringBootContextLoader.java:136)
	at org.springframework.test.context.cache.DefaultCacheAwareContextLoaderDelegate.loadContextInternal(DefaultCacheAwareContextLoaderDelegate.java:141)
	at org.springframework.test.context.cache.DefaultCacheAwareContextLoaderDelegate.loadContext(DefaultCacheAwareContextLoaderDelegate.java:90)
	at org.springframework.test.context.support.DefaultTestContext.getApplicationContext(DefaultTestContext.java:124)
	at org.springframework.test.context.web.ServletTestExecutionListener.setUpRequestContextIfNecessary(ServletTestExecutionListener.java:190)
	at org.springframework.test.context.web.ServletTestExecutionListener.prepareTestInstance(ServletTestExecutionListener.java:132)
	at org.springframework.test.context.TestContextManager.prepareTestInstance(TestContextManager.java:248)
	at org.springframework.test.context.junit.jupiter.SpringExtension.postProcessTestInstance(SpringExtension.java:138)
	at org.junit.jupiter.engine.descriptor.ClassBasedTestDescriptor.lambda$invokeTestInstancePostProcessors$8(ClassBasedTestDescriptor.java:363)
	at org.junit.jupiter.engine.descriptor.ClassBasedTestDescriptor.executeAndMaskThrowable(ClassBasedTestDescriptor.java:368)
	at org.junit.jupiter.engine.descriptor.ClassBasedTestDescriptor.lambda$invokeTestInstancePostProcessors$9(ClassBasedTestDescriptor.java:363)
	at java.base/java.util.stream.ReferencePipeline$3$1.accept(ReferencePipeline.java:197)
	at java.base/java.util.stream.ReferencePipeline$2$1.accept(ReferencePipeline.java:179)
	at java.base/java.util.ArrayList$ArrayListSpliterator.forEachRemaining(ArrayList.java:1708)
	at java.base/java.util.stream.AbstractPipeline.copyInto(AbstractPipeline.java:509)
	at java.base/java.util.stream.AbstractPipeline.wrapAndCopyInto(AbstractPipeline.java:499)
	at java.base/java.util.stream.StreamSpliterators$WrappingSpliterator.forEachRemaining(StreamSpliterators.java:310)
	at java.base/java.util.stream.Streams$ConcatSpliterator.forEachRemaining(Streams.java:735)
	at java.base/java.util.stream.Streams$ConcatSpliterator.forEachRemaining(Streams.java:734)
	at java.base/java.util.stream.ReferencePipeline$Head.forEach(ReferencePipeline.java:762)
	at org.junit.jupiter.engine.descriptor.ClassBasedTestDescriptor.invokeTestInstancePostProcessors(ClassBasedTestDescriptor.java:362)
	at org.junit.jupiter.engine.descriptor.ClassBasedTestDescriptor.lambda$instantiateAndPostProcessTestInstance$6(ClassBasedTestDescriptor.java:283)
	at org.junit.platform.engine.support.hierarchical.ThrowableCollector.execute(ThrowableCollector.java:73)
	at org.junit.jupiter.engine.descriptor.ClassBasedTestDescriptor.instantiateAndPostProcessTestInstance(ClassBasedTestDescriptor.java:282)
	at org.junit.jupiter.engine.descriptor.ClassBasedTestDescriptor.lambda$testInstancesProvider$4(ClassBasedTestDescriptor.java:272)
	at java.base/java.util.Optional.orElseGet(Optional.java:364)
	at org.junit.jupiter.engine.descriptor.ClassBasedTestDescriptor.lambda$testInstancesProvider$5(ClassBasedTestDescriptor.java:271)
	at org.junit.jupiter.engine.execution.TestInstancesProvider.getTestInstances(TestInstancesProvider.java:31)
	at org.junit.jupiter.engine.descriptor.TestMethodTestDescriptor.lambda$prepare$0(TestMethodTestDescriptor.java:102)
	at org.junit.platform.engine.support.hierarchical.ThrowableCollector.execute(ThrowableCollector.java:73)
	at org.junit.jupiter.engine.descriptor.TestMethodTestDescriptor.prepare(TestMethodTestDescriptor.java:101)
	at org.junit.jupiter.engine.descriptor.TestMethodTestDescriptor.prepare(TestMethodTestDescriptor.java:66)
	at org.junit.platform.engine.support.hierarchical.NodeTestTask.lambda$prepare$2(NodeTestTask.java:123)
	at org.junit.platform.engine.support.hierarchical.ThrowableCollector.execute(ThrowableCollector.java:73)
	at org.junit.platform.engine.support.hierarchical.NodeTestTask.prepare(NodeTestTask.java:123)
	at org.junit.platform.engine.support.hierarchical.NodeTestTask.execute(NodeTestTask.java:90)
	at java.base/java.util.ArrayList.forEach(ArrayList.java:1596)
	at org.junit.platform.engine.support.hierarchical.SameThreadHierarchicalTestExecutorService.invokeAll(SameThreadHierarchicalTestExecutorService.java:41)
	at org.junit.platform.engine.support.hierarchical.NodeTestTask.lambda$executeRecursively$6(NodeTestTask.java:155)
	at org.junit.platform.engine.support.hierarchical.ThrowableCollector.execute(ThrowableCollector.java:73)
	at org.junit.platform.engine.support.hierarchical.NodeTestTask.lambda$executeRecursively$8(NodeTestTask.java:141)
	at org.junit.platform.engine.support.hierarchical.Node.around(Node.java:137)
	at org.junit.platform.engine.support.hierarchical.NodeTestTask.lambda$executeRecursively$9(NodeTestTask.java:139)
	at org.junit.platform.engine.support.hierarchical.ThrowableCollector.execute(ThrowableCollector.java:73)
	at org.junit.platform.engine.support.hierarchical.NodeTestTask.executeRecursively(NodeTestTask.java:138)
	at org.junit.platform.engine.support.hierarchical.NodeTestTask.execute(NodeTestTask.java:95)
	at java.base/java.util.ArrayList.forEach(ArrayList.java:1596)
	at org.junit.platform.engine.support.hierarchical.SameThreadHierarchicalTestExecutorService.invokeAll(SameThreadHierarchicalTestExecutorService.java:41)
	at org.junit.platform.engine.support.hierarchical.NodeTestTask.lambda$executeRecursively$6(NodeTestTask.java:155)
	at org.junit.platform.engine.support.hierarchical.ThrowableCollector.execute(ThrowableCollector.java:73)
	at org.junit.platform.engine.support.hierarchical.NodeTestTask.lambda$executeRecursively$8(NodeTestTask.java:141)
	at org.junit.platform.engine.support.hierarchical.Node.around(Node.java:137)
	at org.junit.platform.engine.support.hierarchical.NodeTestTask.lambda$executeRecursively$9(NodeTestTask.java:139)
	at org.junit.platform.engine.support.hierarchical.ThrowableCollector.execute(ThrowableCollector.java:73)
	at org.junit.platform.engine.support.hierarchical.NodeTestTask.executeRecursively(NodeTestTask.java:138)
	at org.junit.platform.engine.support.hierarchical.NodeTestTask.execute(NodeTestTask.java:95)
	at org.junit.platform.engine.support.hierarchical.SameThreadHierarchicalTestExecutorService.submit(SameThreadHierarchicalTestExecutorService.java:35)
	at org.junit.platform.engine.support.hierarchical.HierarchicalTestExecutor.execute(HierarchicalTestExecutor.java:57)
	at org.junit.platform.engine.support.hierarchical.HierarchicalTestEngine.execute(HierarchicalTestEngine.java:54)
	at org.junit.platform.launcher.core.DefaultLauncher.execute(DefaultLauncher.java:220)
	at org.junit.platform.launcher.core.DefaultLauncher.lambda$execute$6(DefaultLauncher.java:188)
	at org.junit.platform.launcher.core.DefaultLauncher.withInterceptedStreams(DefaultLauncher.java:202)
	at org.junit.platform.launcher.core.DefaultLauncher.execute(DefaultLauncher.java:181)
	at org.junit.platform.launcher.core.DefaultLauncher.execute(DefaultLauncher.java:128)
	at org.apache.maven.surefire.junitplatform.JUnitPlatformProvider.invokeAllTests(JUnitPlatformProvider.java:150)
	at org.apache.maven.surefire.junitplatform.JUnitPlatformProvider.invoke(JUnitPlatformProvider.java:124)
	at org.apache.maven.surefire.booter.ForkedBooter.invokeProviderInSameClassLoader(ForkedBooter.java:384)
	at org.apache.maven.surefire.booter.ForkedBooter.runSuitesInProcess(ForkedBooter.java:345)
	at org.apache.maven.surefire.booter.ForkedBooter.execute(ForkedBooter.java:126)
	at org.apache.maven.surefire.booter.ForkedBooter.main(ForkedBooter.java:418)
2026-09-12 15:35:29.175  INFO 19316 --- [      Thread-40] o.s.b.a.mongo.embedded.EmbeddedMongo     : 2026-09-12T15:35:29.175-0600 I STORAGE  [main] Max cache overflow file size custom option: 0
2026-09-12 15:35:29.175  INFO 19316 --- [      Thread-40] o.s.b.a.mongo.embedded.EmbeddedMongo     : 2026-09-12T15:35:29.176-0600 I CONTROL  [main] note: noprealloc may hurt performance in many applications
2026-09-12 15:35:29.212  INFO 19316 --- [      Thread-40] o.s.b.a.mongo.embedded.EmbeddedMongo     : 2026-09-12T15:35:29.212-0600 I CONTROL  [main] Automatically disabling TLS 1.0, to force-enable TLS 1.0 specify --sslDisabledProtocols 'none'
2026-09-12 15:35:29.215  INFO 19316 --- [      Thread-40] o.s.b.a.mongo.embedded.EmbeddedMongo     : 2026-09-12T15:35:29.215-0600 I CONTROL  [initandlisten] MongoDB starting : pid=4748 port=61943 dbpath=C:\Users\danie\AppData\Local\Temp\embedmongo-db-b0fd17d8-3cb5-4a19-a804-9393c8eb6b94 64-bit host=EDan-ROG
2026-09-12 15:35:29.215  INFO 19316 --- [      Thread-40] o.s.b.a.mongo.embedded.EmbeddedMongo     : 2026-09-12T15:35:29.215-0600 I CONTROL  [initandlisten] targetMinOS: Windows 7/Windows Server 2008 R2
2026-09-12 15:35:29.215  INFO 19316 --- [      Thread-40] o.s.b.a.mongo.embedded.EmbeddedMongo     : 2026-09-12T15:35:29.215-0600 I CONTROL  [initandlisten] db version v4.0.12
2026-09-12 15:35:29.215  INFO 19316 --- [      Thread-40] o.s.b.a.mongo.embedded.EmbeddedMongo     : 2026-09-12T15:35:29.215-0600 I CONTROL  [initandlisten] git version: 5776e3cbf9e7afe86e6b29e22520ffb6766e95d4
2026-09-12 15:35:29.215  INFO 19316 --- [      Thread-40] o.s.b.a.mongo.embedded.EmbeddedMongo     : 2026-09-12T15:35:29.215-0600 I CONTROL  [initandlisten] allocator: tcmalloc
2026-09-12 15:35:29.215  INFO 19316 --- [      Thread-40] o.s.b.a.mongo.embedded.EmbeddedMongo     : 2026-09-12T15:35:29.215-0600 I CONTROL  [initandlisten] modules: none
2026-09-12 15:35:29.215  INFO 19316 --- [      Thread-40] o.s.b.a.mongo.embedded.EmbeddedMongo     : 2026-09-12T15:35:29.215-0600 I CONTROL  [initandlisten] build environment:
2026-09-12 15:35:29.215  INFO 19316 --- [      Thread-40] o.s.b.a.mongo.embedded.EmbeddedMongo     : 2026-09-12T15:35:29.215-0600 I CONTROL  [initandlisten]     distmod: 2008plus-ssl
2026-09-12 15:35:29.215  INFO 19316 --- [      Thread-40] o.s.b.a.mongo.embedded.EmbeddedMongo     : 2026-09-12T15:35:29.215-0600 I CONTROL  [initandlisten]     distarch: x86_64
2026-09-12 15:35:29.215  INFO 19316 --- [      Thread-40] o.s.b.a.mongo.embedded.EmbeddedMongo     : 2026-09-12T15:35:29.215-0600 I CONTROL  [initandlisten]     target_arch: x86_64
2026-09-12 15:35:29.215  INFO 19316 --- [      Thread-40] o.s.b.a.mongo.embedded.EmbeddedMongo     : 2026-09-12T15:35:29.215-0600 I CONTROL  [initandlisten] options: { net: { bindIp: "127.0.0.1", port: 61943 }, security: { authorization: "disabled" }, storage: { dbPath: "C:\Users\danie\AppData\Local\Temp\embedmongo-db-b0fd17d8-3cb5-4a19-a804-9393c8eb6b94", journal: { enabled: false }, mmapv1: { preallocDataFiles: false, smallFiles: true }, syncPeriodSecs: 0.0 } }
2026-09-12 15:35:29.216  INFO 19316 --- [      Thread-40] o.s.b.a.mongo.embedded.EmbeddedMongo     : 2026-09-12T15:35:29.216-0600 I STORAGE  [initandlisten] wiredtiger_open config: create,cache_size=7275M,cache_overflow=(file_max=0M),session_max=20000,eviction=(threads_min=4,threads_max=4),config_base=false,statistics=(fast),log=(enabled=true,archive=true,path=journal,compressor=snappy),file_manager=(close_idle_time=100000),statistics_log=(wait=0),verbose=(recovery_progress),,log=(enabled=false),
2026-09-12 15:35:29.224  INFO 19316 --- [      Thread-40] o.s.b.a.mongo.embedded.EmbeddedMongo     : 2026-09-12T15:35:29.225-0600 I STORAGE  [initandlisten] WiredTiger message [1789248929:224924][4748:140716104058400], txn-recover: Set global recovery timestamp: 0
2026-09-12 15:35:29.234  INFO 19316 --- [      Thread-40] o.s.b.a.mongo.embedded.EmbeddedMongo     : 2026-09-12T15:35:29.234-0600 I RECOVERY [initandlisten] WiredTiger recoveryTimestamp. Ts: Timestamp(0, 0)
2026-09-12 15:35:29.253  INFO 19316 --- [      Thread-40] o.s.b.a.mongo.embedded.EmbeddedMongo     : 2026-09-12T15:35:29.253-0600 W STORAGE  [initandlisten] Detected configuration for non-active storage engine mmapv1 when current storage engine is wiredTiger
2026-09-12 15:35:29.254  INFO 19316 --- [      Thread-40] o.s.b.a.mongo.embedded.EmbeddedMongo     : 2026-09-12T15:35:29.254-0600 I STORAGE  [initandlisten] createCollection: admin.system.version with provided UUID: 6ac4e5e3-2602-4285-8ff4-637b9699ac9b
2026-09-12 15:35:29.271  INFO 19316 --- [      Thread-40] o.s.b.a.mongo.embedded.EmbeddedMongo     : 2026-09-12T15:35:29.271-0600 I COMMAND  [initandlisten] setting featureCompatibilityVersion to 4.0
2026-09-12 15:35:29.272  INFO 19316 --- [      Thread-40] o.s.b.a.mongo.embedded.EmbeddedMongo     : 2026-09-12T15:35:29.272-0600 I STORAGE  [initandlisten] createCollection: local.startup_log with generated UUID: b9d24ab7-daf1-4800-944b-38d55c14ccaa
2026-09-12 15:35:29.634  INFO 19316 --- [      Thread-40] o.s.b.a.mongo.embedded.EmbeddedMongo     : 2026-09-12T15:35:29.635-0600 W FTDC     [initandlisten] Failed to initialize Performance Counters for FTDC: WindowsPdhError: PdhExpandCounterPathW failed with 'El objeto especificado no se encontr� en el equipo.' for counter '\Memory\Available Bytes'
2026-09-12 15:35:29.634  INFO 19316 --- [      Thread-40] o.s.b.a.mongo.embedded.EmbeddedMongo     : 2026-09-12T15:35:29.635-0600 I FTDC     [initandlisten] Initializing full-time diagnostic data capture with directory 'C:/Users/danie/AppData/Local/Temp/embedmongo-db-b0fd17d8-3cb5-4a19-a804-9393c8eb6b94/diagnostic.data'
2026-09-12 15:35:29.635  INFO 19316 --- [      Thread-40] o.s.b.a.mongo.embedded.EmbeddedMongo     : 2026-09-12T15:35:29.636-0600 I STORAGE  [LogicalSessionCacheRefresh] createCollection: config.system.sessions with generated UUID: 954e1040-20f7-4398-ae5e-a2b4bab13ce1
2026-09-12 15:35:29.637  INFO 19316 --- [      Thread-40] o.s.b.a.mongo.embedded.EmbeddedMongo     : 2026-09-12T15:35:29.636-0600 I NETWORK  [initandlisten] waiting for connections on port 61943
2026-09-12 15:35:29.637  INFO 19316 --- [           main] d.f.embed.mongo.MongodExecutable         : start MongodConfig{version=Version{4.0.12}, timeout=de.flapdoodle.embed.mongo.config.Timeout@4481f9bd, net=de.flapdoodle.embed.mongo.config.Net@1502cd38, cmdOptions=MongoCmdOptions{syncDelay=0, useDefaultSyncDelay=false, isVerbose=false, useNoPrealloc=true, useSmallFiles=true, useNoJournal=true, enableTextSearch=false, auth=false, master=false}, password=, userName=, replication=de.flapdoodle.embed.mongo.config.Storage@3662dc9b, isConfigServer=false, isShardServer=false, processListener=de.flapdoodle.embed.mongo.config.processlistener.NoopProcessListener@5f453412, params={}, args={}, pidFile=mongod.pid, supportConfig=de.flapdoodle.embed.mongo.config.SupportConfig@14426256}
2026-09-12 15:35:29.657  INFO 19316 --- [      Thread-40] o.s.b.a.mongo.embedded.EmbeddedMongo     : 2026-09-12T15:35:29.657-0600 I INDEX    [LogicalSessionCacheRefresh] build index on: config.system.sessions properties: { v: 2, key: { lastUse: 1 }, name: "lsidTTLIndex", ns: "config.system.sessions", expireAfterSeconds: 1800 }
2026-09-12 15:35:29.657  INFO 19316 --- [      Thread-40] o.s.b.a.mongo.embedded.EmbeddedMongo     : 2026-09-12T15:35:29.657-0600 I INDEX    [LogicalSessionCacheRefresh] 	 building index using bulk method; build may temporarily use up to 500 megabytes of RAM
2026-09-12 15:35:29.657  INFO 19316 --- [      Thread-40] o.s.b.a.mongo.embedded.EmbeddedMongo     : 2026-09-12T15:35:29.657-0600 W STORAGE  [LogicalSessionCacheRefresh] failed to create WiredTiger bulk cursor: Resource device
2026-09-12 15:35:29.657  INFO 19316 --- [      Thread-40] o.s.b.a.mongo.embedded.EmbeddedMongo     : 2026-09-12T15:35:29.657-0600 W STORAGE  [LogicalSessionCacheRefresh] falling back to non-bulk cursor for index table:index-6--5089289200224547639
2026-09-12 15:35:29.657  INFO 19316 --- [      Thread-40] o.s.b.a.mongo.embedded.EmbeddedMongo     : 2026-09-12T15:35:29.657-0600 I INDEX    [LogicalSessionCacheRefresh] build index done.  scanned 0 total records. 0 secs
2026-09-12 15:35:29.728  INFO 19316 --- [           main] org.mongodb.driver.client                : MongoClient with metadata {"driver": {"name": "mongo-java-driver|reactive-streams|spring-boot", "version": "4.6.1"}, "os": {"type": "Windows", "name": "Windows 11", "architecture": "amd64", "version": "10.0"}, "platform": "Java/Oracle Corporation/21.0.12+7-LTS-205"} created with settings MongoClientSettings{readPreference=primary, writeConcern=WriteConcern{w=null, wTimeout=null ms, journal=null}, retryWrites=true, retryReads=true, readConcern=ReadConcern{level=null}, credential=null, streamFactoryFactory=NettyStreamFactoryFactory{eventLoopGroup=io.netty.channel.nio.NioEventLoopGroup@52418721, socketChannelClass=class io.netty.channel.socket.nio.NioSocketChannel, allocator=PooledByteBufAllocator(directByDefault: true), sslContext=null}, commandListeners=[io.micrometer.core.instrument.binder.mongodb.MongoMetricsCommandListener@6ff879e5], codecRegistry=ProvidersCodecRegistry{codecProviders=[ValueCodecProvider{}, BsonValueCodecProvider{}, DBRefCodecProvider{}, DBObjectCodecProvider{}, DocumentCodecProvider{}, IterableCodecProvider{}, MapCodecProvider{}, GeoJsonCodecProvider{}, GridFSFileCodecProvider{}, Jsr310CodecProvider{}, JsonObjectCodecProvider{}, BsonCodecProvider{}, EnumCodecProvider{}, com.mongodb.Jep395RecordCodecProvider@6aa18912]}, clusterSettings={hosts=[localhost:61943], srvServiceName=mongodb, mode=SINGLE, requiredClusterType=UNKNOWN, requiredReplicaSetName='null', serverSelector='null', clusterListeners='[]', serverSelectionTimeout='30000 ms', localThreshold='30000 ms'}, socketSettings=SocketSettings{connectTimeoutMS=10000, readTimeoutMS=0, receiveBufferSize=0, sendBufferSize=0}, heartbeatSocketSettings=SocketSettings{connectTimeoutMS=10000, readTimeoutMS=10000, receiveBufferSize=0, sendBufferSize=0}, connectionPoolSettings=ConnectionPoolSettings{maxSize=100, minSize=0, maxWaitTimeMS=120000, maxConnectionLifeTimeMS=0, maxConnectionIdleTimeMS=0, maintenanceInitialDelayMS=0, maintenanceFrequencyMS=60000, connectionPoolListeners=[io.micrometer.core.instrument.binder.mongodb.MongoMetricsConnectionPoolListener@7080e8fc], maxConnecting=2}, serverSettings=ServerSettings{heartbeatFrequencyMS=10000, minHeartbeatFrequencyMS=500, serverListeners='[]', serverMonitorListeners='[]'}, sslSettings=SslSettings{enabled=false, invalidHostNameAllowed=false, context=null}, applicationName='null', compressorList=[], uuidRepresentation=JAVA_LEGACY, serverApi=null, autoEncryptionSettings=null, contextProvider=null}
2026-09-12 15:35:29.729  INFO 19316 --- [      Thread-40] o.s.b.a.mongo.embedded.EmbeddedMongo     : 2026-09-12T15:35:29.730-0600 I NETWORK  [listener] connection accepted from 127.0.0.1:61945 #1 (1 connection now open)
2026-09-12 15:35:29.730  INFO 19316 --- [      Thread-40] o.s.b.a.mongo.embedded.EmbeddedMongo     : 2026-09-12T15:35:29.730-0600 I NETWORK  [listener] connection accepted from 127.0.0.1:61944 #2 (2 connections now open)
2026-09-12 15:35:29.731  INFO 19316 --- [      Thread-40] o.s.b.a.mongo.embedded.EmbeddedMongo     : 2026-09-12T15:35:29.731-0600 I NETWORK  [conn1] received client metadata from 127.0.0.1:61945 conn1: { driver: { name: "mongo-java-driver|reactive-streams|spring-boot", version: "4.6.1" }, os: { type: "Windows", name: "Windows 11", architecture: "amd64", version: "10.0" }, platform: "Java/Oracle Corporation/21.0.12+7-LTS-205" }
2026-09-12 15:35:29.731  INFO 19316 --- [      Thread-40] o.s.b.a.mongo.embedded.EmbeddedMongo     : 2026-09-12T15:35:29.731-0600 I NETWORK  [conn2] received client metadata from 127.0.0.1:61944 conn2: { driver: { name: "mongo-java-driver|reactive-streams|spring-boot", version: "4.6.1" }, os: { type: "Windows", name: "Windows 11", architecture: "amd64", version: "10.0" }, platform: "Java/Oracle Corporation/21.0.12+7-LTS-205" }
2026-09-12 15:35:29.733  INFO 19316 --- [localhost:61943] org.mongodb.driver.connection            : Opened connection [connectionId{localValue:17, serverValue:2}] to localhost:61943
2026-09-12 15:35:29.733  INFO 19316 --- [localhost:61943] org.mongodb.driver.connection            : Opened connection [connectionId{localValue:18, serverValue:1}] to localhost:61943
2026-09-12 15:35:29.733  INFO 19316 --- [localhost:61943] org.mongodb.driver.cluster               : Monitor thread successfully connected to server with description ServerDescription{address=localhost:61943, type=STANDALONE, state=CONNECTED, ok=true, minWireVersion=0, maxWireVersion=7, maxDocumentSize=16777216, logicalSessionTimeoutMinutes=30, roundTripTimeNanos=3608700}
2026-09-12 15:35:29.848  INFO 19316 --- [       Thread-3] o.s.b.a.mongo.embedded.EmbeddedMongo     : 2026-09-12T15:35:29.849-0600 E STORAGE  [WTCheckpointThread] WiredTiger error (0) [1789248929:848906][24240:140716104058400], file:WiredTiger.wt, WT_SESSION.checkpoint: __win_fs_rename, 121: Access denied to a file owned by WiredTiger. It will attempt a few more times. You should confirm no other processes, such as virus scanners, are accessing the WiredTiger files. Raw: [1789248929:848906][24240:140716104058400], file:WiredTiger.wt, WT_SESSION.checkpoint: __win_fs_rename, 121: Access denied to a file owned by WiredTiger. It will attempt a few more times. You should confirm no other processes, such as virus scanners, are accessing the WiredTiger files.
2026-09-12 15:35:29.854  INFO 19316 --- [      Thread-40] o.s.b.a.mongo.embedded.EmbeddedMongo     : 2026-09-12T15:35:29.854-0600 I NETWORK  [listener] connection accepted from 127.0.0.1:61946 #3 (3 connections now open)
2026-09-12 15:35:29.856  INFO 19316 --- [      Thread-40] o.s.b.a.mongo.embedded.EmbeddedMongo     : 2026-09-12T15:35:29.856-0600 I NETWORK  [conn3] received client metadata from 127.0.0.1:61946 conn3: { driver: { name: "mongo-java-driver|reactive-streams|spring-boot", version: "4.6.1" }, os: { type: "Windows", name: "Windows 11", architecture: "amd64", version: "10.0" }, platform: "Java/Oracle Corporation/21.0.12+7-LTS-205" }
2026-09-12 15:35:29.857  INFO 19316 --- [ntLoopGroup-5-3] org.mongodb.driver.connection            : Opened connection [connectionId{localValue:19, serverValue:3}] to localhost:61943
2026-09-12 15:35:29.909  INFO 19316 --- [       Thread-3] o.s.b.a.mongo.embedded.EmbeddedMongo     : 2026-09-12T15:35:29.909-0600 E STORAGE  [WTCheckpointThread] WiredTiger error (0) [1789248929:908429][24240:140716104058400], file:WiredTiger.wt, WT_SESSION.checkpoint: __win_fs_rename, 121: Access denied to a file owned by WiredTiger. It will attempt a few more times. You should confirm no other processes, such as virus scanners, are accessing the WiredTiger files. Raw: [1789248929:908429][24240:140716104058400], file:WiredTiger.wt, WT_SESSION.checkpoint: __win_fs_rename, 121: Access denied to a file owned by WiredTiger. It will attempt a few more times. You should confirm no other processes, such as virus scanners, are accessing the WiredTiger files.
2026-09-12 15:35:29.925  INFO 19316 --- [           main] o.s.s.web.DefaultSecurityFilterChain     : Will secure any request with [org.springframework.security.web.session.DisableEncodeUrlFilter@9dc9212, org.springframework.security.web.context.request.async.WebAsyncManagerIntegrationFilter@5b9815b6, org.springframework.security.web.context.SecurityContextPersistenceFilter@7e01d838, org.springframework.security.web.header.HeaderWriterFilter@68a1906f, org.springframework.security.web.csrf.CsrfFilter@28c06c3c, org.springframework.security.web.authentication.logout.LogoutFilter@1c6d65f7, org.springframework.security.web.authentication.UsernamePasswordAuthenticationFilter@59b7cbec, org.springframework.security.web.authentication.www.BasicAuthenticationFilter@f9402c2, org.springframework.security.web.savedrequest.RequestCacheAwareFilter@2e3334d, org.springframework.security.web.servletapi.SecurityContextHolderAwareRequestFilter@66a5f996, org.springframework.security.web.authentication.AnonymousAuthenticationFilter@3c175d82, org.springframework.security.web.session.SessionManagementFilter@558bff39, org.springframework.security.web.access.ExceptionTranslationFilter@3c8802cf, org.springframework.security.web.access.intercept.FilterSecurityInterceptor@4552f89f]
2026-09-12 15:35:29.992  INFO 19316 --- [       Thread-3] o.s.b.a.mongo.embedded.EmbeddedMongo     : 2026-09-12T15:35:29.992-0600 E STORAGE  [WTCheckpointThread] WiredTiger error (0) [1789248929:992798][24240:140716104058400], file:WiredTiger.wt, WT_SESSION.checkpoint: __win_fs_rename, 121: Access denied to a file owned by WiredTiger. It will attempt a few more times. You should confirm no other processes, such as virus scanners, are accessing the WiredTiger files. Raw: [1789248929:992798][24240:140716104058400], file:WiredTiger.wt, WT_SESSION.checkpoint: __win_fs_rename, 121: Access denied to a file owned by WiredTiger. It will attempt a few more times. You should confirm no other processes, such as virus scanners, are accessing the WiredTiger files.
2026-09-12 15:35:30.049  INFO 19316 --- [       Thread-3] o.s.b.a.mongo.embedded.EmbeddedMongo     : 2026-09-12T15:35:30.050-0600 E STORAGE  [WTCheckpointThread] WiredTiger error (0) [1789248930:49360][24240:140716104058400], file:WiredTiger.wt, WT_SESSION.checkpoint: __win_fs_rename, 121: Access denied to a file owned by WiredTiger. It will attempt a few more times. You should confirm no other processes, such as virus scanners, are accessing the WiredTiger files. Raw: [1789248930:49360][24240:140716104058400], file:WiredTiger.wt, WT_SESSION.checkpoint: __win_fs_rename, 121: Access denied to a file owned by WiredTiger. It will attempt a few more times. You should confirm no other processes, such as virus scanners, are accessing the WiredTiger files.
2026-09-12 15:35:30.051  INFO 19316 --- [           main] o.s.b.a.w.s.WelcomePageHandlerMapping    : Adding welcome page: class path resource [static/index.html]
2026-09-12 15:35:30.124  INFO 19316 --- [       Thread-3] o.s.b.a.mongo.embedded.EmbeddedMongo     : 2026-09-12T15:35:30.123-0600 E STORAGE  [WTCheckpointThread] WiredTiger error (0) [1789248930:123011][24240:140716104058400], file:WiredTiger.wt, WT_SESSION.checkpoint: __win_fs_rename, 121: Access denied to a file owned by WiredTiger. It will attempt a few more times. You should confirm no other processes, such as virus scanners, are accessing the WiredTiger files. Raw: [1789248930:123011][24240:140716104058400], file:WiredTiger.wt, WT_SESSION.checkpoint: __win_fs_rename, 121: Access denied to a file owned by WiredTiger. It will attempt a few more times. You should confirm no other processes, such as virus scanners, are accessing the WiredTiger files.
2026-09-12 15:35:30.344  INFO 19316 --- [           main] o.s.b.a.e.web.EndpointLinksResolver      : Exposing 12 endpoint(s) beneath base path '/actuator'
2026-09-12 15:35:30.368  INFO 19316 --- [           main] tacos.TacoCloudApplicationTests          : Started TacoCloudApplicationTests in 2.777 seconds (JVM running for 14.551)
2026-09-12 15:35:30.374  INFO 19316 --- [      Thread-40] o.s.b.a.mongo.embedded.EmbeddedMongo     : 2026-09-12T15:35:30.375-0600 I STORAGE  [conn3] createCollection: test.ingredient with generated UUID: e9005dd6-1da0-408f-b0b4-5ddd194b46e1
2026-09-12 15:35:30.375  INFO 19316 --- [      Thread-40] o.s.b.a.mongo.embedded.EmbeddedMongo     : 2026-09-12T15:35:30.376-0600 I NETWORK  [listener] connection accepted from 127.0.0.1:61948 #4 (4 connections now open)
2026-09-12 15:35:30.375  INFO 19316 --- [      Thread-40] o.s.b.a.mongo.embedded.EmbeddedMongo     : 2026-09-12T15:35:30.377-0600 I NETWORK  [listener] connection accepted from 127.0.0.1:61947 #5 (5 connections now open)
2026-09-12 15:35:30.378  INFO 19316 --- [      Thread-40] o.s.b.a.mongo.embedded.EmbeddedMongo     : 2026-09-12T15:35:30.378-0600 I NETWORK  [conn4] received client metadata from 127.0.0.1:61948 conn4: { driver: { name: "mongo-java-driver|reactive-streams|spring-boot", version: "4.6.1" }, os: { type: "Windows", name: "Windows 11", architecture: "amd64", version: "10.0" }, platform: "Java/Oracle Corporation/21.0.12+7-LTS-205" }
2026-09-12 15:35:30.378  INFO 19316 --- [      Thread-40] o.s.b.a.mongo.embedded.EmbeddedMongo     : 2026-09-12T15:35:30.378-0600 I NETWORK  [conn5] received client metadata from 127.0.0.1:61947 conn5: { driver: { name: "mongo-java-driver|reactive-streams|spring-boot", version: "4.6.1" }, os: { type: "Windows", name: "Windows 11", architecture: "amd64", version: "10.0" }, platform: "Java/Oracle Corporation/21.0.12+7-LTS-205" }
2026-09-12 15:35:30.378  INFO 19316 --- [ntLoopGroup-5-4] org.mongodb.driver.connection            : Opened connection [connectionId{localValue:20, serverValue:5}] to localhost:61943
2026-09-12 15:35:30.378  INFO 19316 --- [ntLoopGroup-5-5] org.mongodb.driver.connection            : Opened connection [connectionId{localValue:21, serverValue:4}] to localhost:61943
2026-09-12 15:35:30.381  INFO 19316 --- [      Thread-40] o.s.b.a.mongo.embedded.EmbeddedMongo     : 2026-09-12T15:35:30.381-0600 I NETWORK  [listener] connection accepted from 127.0.0.1:61949 #6 (6 connections now open)
2026-09-12 15:35:30.382  INFO 19316 --- [      Thread-40] o.s.b.a.mongo.embedded.EmbeddedMongo     : 2026-09-12T15:35:30.382-0600 I NETWORK  [listener] connection accepted from 127.0.0.1:61950 #7 (7 connections now open)
2026-09-12 15:35:30.383  INFO 19316 --- [      Thread-40] o.s.b.a.mongo.embedded.EmbeddedMongo     : 2026-09-12T15:35:30.383-0600 I NETWORK  [conn6] received client metadata from 127.0.0.1:61949 conn6: { driver: { name: "mongo-java-driver|reactive-streams|spring-boot", version: "4.6.1" }, os: { type: "Windows", name: "Windows 11", architecture: "amd64", version: "10.0" }, platform: "Java/Oracle Corporation/21.0.12+7-LTS-205" }
2026-09-12 15:35:30.383  INFO 19316 --- [      Thread-40] o.s.b.a.mongo.embedded.EmbeddedMongo     : 2026-09-12T15:35:30.383-0600 I NETWORK  [conn7] received client metadata from 127.0.0.1:61950 conn7: { driver: { name: "mongo-java-driver|reactive-streams|spring-boot", version: "4.6.1" }, os: { type: "Windows", name: "Windows 11", architecture: "amd64", version: "10.0" }, platform: "Java/Oracle Corporation/21.0.12+7-LTS-205" }
2026-09-12 15:35:30.383  INFO 19316 --- [ntLoopGroup-5-6] org.mongodb.driver.connection            : Opened connection [connectionId{localValue:22, serverValue:6}] to localhost:61943
2026-09-12 15:35:30.383  INFO 19316 --- [ntLoopGroup-5-7] org.mongodb.driver.connection            : Opened connection [connectionId{localValue:23, serverValue:7}] to localhost:61943
2026-09-12 15:35:30.384  INFO 19316 --- [      Thread-40] o.s.b.a.mongo.embedded.EmbeddedMongo     : 2026-09-12T15:35:30.385-0600 I NETWORK  [listener] connection accepted from 127.0.0.1:61951 #8 (8 connections now open)
2026-09-12 15:35:30.385  INFO 19316 --- [      Thread-40] o.s.b.a.mongo.embedded.EmbeddedMongo     : 2026-09-12T15:35:30.386-0600 I NETWORK  [listener] connection accepted from 127.0.0.1:61952 #9 (9 connections now open)
2026-09-12 15:35:30.387  INFO 19316 --- [      Thread-40] o.s.b.a.mongo.embedded.EmbeddedMongo     : 2026-09-12T15:35:30.387-0600 I NETWORK  [conn9] received client metadata from 127.0.0.1:61952 conn9: { driver: { name: "mongo-java-driver|reactive-streams|spring-boot", version: "4.6.1" }, os: { type: "Windows", name: "Windows 11", architecture: "amd64", version: "10.0" }, platform: "Java/Oracle Corporation/21.0.12+7-LTS-205" }
2026-09-12 15:35:30.387  INFO 19316 --- [      Thread-40] o.s.b.a.mongo.embedded.EmbeddedMongo     : 2026-09-12T15:35:30.387-0600 I NETWORK  [conn8] received client metadata from 127.0.0.1:61951 conn8: { driver: { name: "mongo-java-driver|reactive-streams|spring-boot", version: "4.6.1" }, os: { type: "Windows", name: "Windows 11", architecture: "amd64", version: "10.0" }, platform: "Java/Oracle Corporation/21.0.12+7-LTS-205" }
2026-09-12 15:35:30.387  INFO 19316 --- [ntLoopGroup-5-9] org.mongodb.driver.connection            : Opened connection [connectionId{localValue:25, serverValue:9}] to localhost:61943
2026-09-12 15:35:30.387  INFO 19316 --- [ntLoopGroup-5-8] org.mongodb.driver.connection            : Opened connection [connectionId{localValue:24, serverValue:8}] to localhost:61943
2026-09-12 15:35:30.389  INFO 19316 --- [      Thread-40] o.s.b.a.mongo.embedded.EmbeddedMongo     : 2026-09-12T15:35:30.389-0600 I NETWORK  [listener] connection accepted from 127.0.0.1:61953 #10 (10 connections now open)
2026-09-12 15:35:30.389  INFO 19316 --- [      Thread-40] o.s.b.a.mongo.embedded.EmbeddedMongo     : 2026-09-12T15:35:30.390-0600 I NETWORK  [listener] connection accepted from 127.0.0.1:61954 #11 (11 connections now open)
2026-09-12 15:35:30.390  INFO 19316 --- [      Thread-40] o.s.b.a.mongo.embedded.EmbeddedMongo     : 2026-09-12T15:35:30.391-0600 I NETWORK  [conn10] received client metadata from 127.0.0.1:61953 conn10: { driver: { name: "mongo-java-driver|reactive-streams|spring-boot", version: "4.6.1" }, os: { type: "Windows", name: "Windows 11", architecture: "amd64", version: "10.0" }, platform: "Java/Oracle Corporation/21.0.12+7-LTS-205" }
2026-09-12 15:35:30.392  INFO 19316 --- [      Thread-40] o.s.b.a.mongo.embedded.EmbeddedMongo     : 2026-09-12T15:35:30.392-0600 I STORAGE  [conn4] createCollection: test.user with generated UUID: fc83834c-2b37-43a8-a8e1-d105b1dc195b
2026-09-12 15:35:30.392  INFO 19316 --- [      Thread-40] o.s.b.a.mongo.embedded.EmbeddedMongo     : 2026-09-12T15:35:30.392-0600 I NETWORK  [conn11] received client metadata from 127.0.0.1:61954 conn11: { driver: { name: "mongo-java-driver|reactive-streams|spring-boot", version: "4.6.1" }, os: { type: "Windows", name: "Windows 11", architecture: "amd64", version: "10.0" }, platform: "Java/Oracle Corporation/21.0.12+7-LTS-205" }
2026-09-12 15:35:30.392  INFO 19316 --- [tLoopGroup-5-10] org.mongodb.driver.connection            : Opened connection [connectionId{localValue:26, serverValue:10}] to localhost:61943
2026-09-12 15:35:30.392  INFO 19316 --- [tLoopGroup-5-11] org.mongodb.driver.connection            : Opened connection [connectionId{localValue:27, serverValue:11}] to localhost:61943
[INFO] Tests run: 1, Failures: 0, Errors: 0, Skipped: 0, Time elapsed: 2.815 s - in tacos.TacoCloudApplicationTests
2026-09-12 15:35:30.408  INFO 19316 --- [      Thread-40] o.s.b.a.mongo.embedded.EmbeddedMongo     : 2026-09-12T15:35:30.409-0600 I STORAGE  [conn9] createCollection: test.taco with generated UUID: 48ff124c-1830-44eb-b2ac-f7d75a268a03
2026-09-12 15:35:30.429  INFO 19316 --- [      Thread-40] o.s.b.a.mongo.embedded.EmbeddedMongo     : 2026-09-12T15:35:30.429-0600 I STORAGE  [conn4] createCollection: test.paymentMethod with generated UUID: cff4f602-4e01-41af-bf9b-0fbd3a1bbb16
2026-09-12 15:35:30.453  INFO 19316 --- [       Thread-3] o.s.b.a.mongo.embedded.EmbeddedMongo     : 2026-09-12T15:35:30.453-0600 E STORAGE  [WTCheckpointThread] WiredTiger error (0) [1789248930:452020][24240:140716104058400], file:WiredTiger.wt, WT_SESSION.checkpoint: __win_fs_rename, 121: Access denied to a file owned by WiredTiger. It will attempt a few more times. You should confirm no other processes, such as virus scanners, are accessing the WiredTiger files. Raw: [1789248930:452020][24240:140716104058400], file:WiredTiger.wt, WT_SESSION.checkpoint: __win_fs_rename, 121: Access denied to a file owned by WiredTiger. It will attempt a few more times. You should confirm no other processes, such as virus scanners, are accessing the WiredTiger files.
2026-09-12 15:35:30.513  INFO 19316 --- [       Thread-3] o.s.b.a.mongo.embedded.EmbeddedMongo     : 2026-09-12T15:35:30.514-0600 E STORAGE  [WTCheckpointThread] WiredTiger error (0) [1789248930:513529][24240:140716104058400], file:WiredTiger.wt, WT_SESSION.checkpoint: __win_fs_rename, 121: Access denied to a file owned by WiredTiger. It will attempt a few more times. You should confirm no other processes, such as virus scanners, are accessing the WiredTiger files. Raw: [1789248930:513529][24240:140716104058400], file:WiredTiger.wt, WT_SESSION.checkpoint: __win_fs_rename, 121: Access denied to a file owned by WiredTiger. It will attempt a few more times. You should confirm no other processes, such as virus scanners, are accessing the WiredTiger files.
2026-09-12 15:35:30.538  INFO 19316 --- [      Thread-40] o.s.b.a.mongo.embedded.EmbeddedMongo     : 2026-09-12T15:35:30.538-0600 E STORAGE  [WTCheckpointThread] WiredTiger error (0) [1789248930:538812][4748:140716104058400], file:WiredTiger.wt, WT_SESSION.checkpoint: __win_fs_rename, 121: Access denied to a file owned by WiredTiger. It will attempt a few more times. You should confirm no other processes, such as virus scanners, are accessing the WiredTiger files. Raw: [1789248930:538812][4748:140716104058400], file:WiredTiger.wt, WT_SESSION.checkpoint: __win_fs_rename, 121: Access denied to a file owned by WiredTiger. It will attempt a few more times. You should confirm no other processes, such as virus scanners, are accessing the WiredTiger files.
2026-09-12 15:35:30.568  INFO 19316 --- [       Thread-3] o.s.b.a.mongo.embedded.EmbeddedMongo     : 2026-09-12T15:35:30.568-0600 E STORAGE  [WTCheckpointThread] WiredTiger error (0) [1789248930:567708][24240:140716104058400], file:WiredTiger.wt, WT_SESSION.checkpoint: __win_fs_rename, 121: Access denied to a file owned by WiredTiger. It will attempt a few more times. You should confirm no other processes, such as virus scanners, are accessing the WiredTiger files. Raw: [1789248930:567708][24240:140716104058400], file:WiredTiger.wt, WT_SESSION.checkpoint: __win_fs_rename, 121: Access denied to a file owned by WiredTiger. It will attempt a few more times. You should confirm no other processes, such as virus scanners, are accessing the WiredTiger files.
2026-09-12 15:35:30.640  INFO 19316 --- [       Thread-3] o.s.b.a.mongo.embedded.EmbeddedMongo     : 2026-09-12T15:35:30.640-0600 E STORAGE  [WTCheckpointThread] WiredTiger error (0) [1789248930:640267][24240:140716104058400], file:WiredTiger.wt, WT_SESSION.checkpoint: __win_fs_rename, 121: Access denied to a file owned by WiredTiger. It will attempt a few more times. You should confirm no other processes, such as virus scanners, are accessing the WiredTiger files. Raw: [1789248930:640267][24240:140716104058400], file:WiredTiger.wt, WT_SESSION.checkpoint: __win_fs_rename, 121: Access denied to a file owned by WiredTiger. It will attempt a few more times. You should confirm no other processes, such as virus scanners, are accessing the WiredTiger files.
2026-09-12 15:35:30.684  INFO 19316 --- [      Thread-40] o.s.b.a.mongo.embedded.EmbeddedMongo     : 2026-09-12T15:35:30.685-0600 E STORAGE  [WTCheckpointThread] WiredTiger error (0) [1789248930:684778][4748:140716104058400], file:WiredTiger.wt, WT_SESSION.checkpoint: __win_fs_rename, 121: Access denied to a file owned by WiredTiger. It will attempt a few more times. You should confirm no other processes, such as virus scanners, are accessing the WiredTiger files. Raw: [1789248930:684778][4748:140716104058400], file:WiredTiger.wt, WT_SESSION.checkpoint: __win_fs_rename, 121: Access denied to a file owned by WiredTiger. It will attempt a few more times. You should confirm no other processes, such as virus scanners, are accessing the WiredTiger files.
2026-09-12 15:35:30.757  INFO 19316 --- [       Thread-3] o.s.b.a.mongo.embedded.EmbeddedMongo     : 2026-09-12T15:35:30.757-0600 E STORAGE  [WTCheckpointThread] WiredTiger error (0) [1789248930:757440][24240:140716104058400], file:WiredTiger.wt, WT_SESSION.checkpoint: __win_fs_rename, 121: Access denied to a file owned by WiredTiger. It will attempt a few more times. You should confirm no other processes, such as virus scanners, are accessing the WiredTiger files. Raw: [1789248930:757440][24240:140716104058400], file:WiredTiger.wt, WT_SESSION.checkpoint: __win_fs_rename, 121: Access denied to a file owned by WiredTiger. It will attempt a few more times. You should confirm no other processes, such as virus scanners, are accessing the WiredTiger files.
2026-09-12 15:35:30.882  INFO 19316 --- [      Thread-40] o.s.b.a.mongo.embedded.EmbeddedMongo     : 2026-09-12T15:35:30.882-0600 E STORAGE  [WTCheckpointThread] WiredTiger error (0) [1789248930:882172][4748:140716104058400], file:WiredTiger.wt, WT_SESSION.checkpoint: __win_fs_rename, 121: Access denied to a file owned by WiredTiger. It will attempt a few more times. You should confirm no other processes, such as virus scanners, are accessing the WiredTiger files. Raw: [1789248930:882172][4748:140716104058400], file:WiredTiger.wt, WT_SESSION.checkpoint: __win_fs_rename, 121: Access denied to a file owned by WiredTiger. It will attempt a few more times. You should confirm no other processes, such as virus scanners, are accessing the WiredTiger files.
2026-09-12 15:35:31.042  INFO 19316 --- [      Thread-40] o.s.b.a.mongo.embedded.EmbeddedMongo     : 2026-09-12T15:35:31.042-0600 E STORAGE  [WTCheckpointThread] WiredTiger error (0) [1789248931:42570][4748:140716104058400], file:WiredTiger.wt, WT_SESSION.checkpoint: __win_fs_rename, 121: Access denied to a file owned by WiredTiger. It will attempt a few more times. You should confirm no other processes, such as virus scanners, are accessing the WiredTiger files. Raw: [1789248931:42570][4748:140716104058400], file:WiredTiger.wt, WT_SESSION.checkpoint: __win_fs_rename, 121: Access denied to a file owned by WiredTiger. It will attempt a few more times. You should confirm no other processes, such as virus scanners, are accessing the WiredTiger files.
2026-09-12 15:35:31.063  INFO 19316 --- [       Thread-3] o.s.b.a.mongo.embedded.EmbeddedMongo     : 2026-09-12T15:35:31.063-0600 E STORAGE  [WTCheckpointThread] WiredTiger error (0) [1789248931:63524][24240:140716104058400], file:WiredTiger.wt, WT_SESSION.checkpoint: __win_fs_rename, 121: Access denied to a file owned by WiredTiger. It will attempt a few more times. You should confirm no other processes, such as virus scanners, are accessing the WiredTiger files. Raw: [1789248931:63524][24240:140716104058400], file:WiredTiger.wt, WT_SESSION.checkpoint: __win_fs_rename, 121: Access denied to a file owned by WiredTiger. It will attempt a few more times. You should confirm no other processes, such as virus scanners, are accessing the WiredTiger files.
2026-09-12 15:35:31.167  INFO 19316 --- [       Thread-3] o.s.b.a.mongo.embedded.EmbeddedMongo     : 2026-09-12T15:35:31.167-0600 E STORAGE  [WTCheckpointThread] WiredTiger error (0) [1789248931:167085][24240:140716104058400], file:WiredTiger.wt, WT_SESSION.checkpoint: __win_fs_rename, 121: Access denied to a file owned by WiredTiger. It will attempt a few more times. You should confirm no other processes, such as virus scanners, are accessing the WiredTiger files. Raw: [1789248931:167085][24240:140716104058400], file:WiredTiger.wt, WT_SESSION.checkpoint: __win_fs_rename, 121: Access denied to a file owned by WiredTiger. It will attempt a few more times. You should confirm no other processes, such as virus scanners, are accessing the WiredTiger files.
2026-09-12 15:35:31.191  INFO 19316 --- [      Thread-40] o.s.b.a.mongo.embedded.EmbeddedMongo     : 2026-09-12T15:35:31.192-0600 E STORAGE  [WTCheckpointThread] WiredTiger error (0) [1789248931:191465][4748:140716104058400], file:WiredTiger.wt, WT_SESSION.checkpoint: __win_fs_rename, 121: Access denied to a file owned by WiredTiger. It will attempt a few more times. You should confirm no other processes, such as virus scanners, are accessing the WiredTiger files. Raw: [1789248931:191465][4748:140716104058400], file:WiredTiger.wt, WT_SESSION.checkpoint: __win_fs_rename, 121: Access denied to a file owned by WiredTiger. It will attempt a few more times. You should confirm no other processes, such as virus scanners, are accessing the WiredTiger files.
2026-09-12 15:35:31.493  INFO 19316 --- [       Thread-3] o.s.b.a.mongo.embedded.EmbeddedMongo     : 2026-09-12T15:35:31.493-0600 E STORAGE  [WTCheckpointThread] WiredTiger error (0) [1789248931:493875][24240:140716104058400], file:WiredTiger.wt, WT_SESSION.checkpoint: __win_fs_rename, 121: Access denied to a file owned by WiredTiger. It will attempt a few more times. You should confirm no other processes, such as virus scanners, are accessing the WiredTiger files. Raw: [1789248931:493875][24240:140716104058400], file:WiredTiger.wt, WT_SESSION.checkpoint: __win_fs_rename, 121: Access denied to a file owned by WiredTiger. It will attempt a few more times. You should confirm no other processes, such as virus scanners, are accessing the WiredTiger files.
2026-09-12 15:35:31.629  INFO 19316 --- [       Thread-3] o.s.b.a.mongo.embedded.EmbeddedMongo     : 2026-09-12T15:35:31.630-0600 E STORAGE  [WTCheckpointThread] WiredTiger error (0) [1789248931:629596][24240:140716104058400], file:WiredTiger.wt, WT_SESSION.checkpoint: __win_fs_rename, 121: Access denied to a file owned by WiredTiger. It will attempt a few more times. You should confirm no other processes, such as virus scanners, are accessing the WiredTiger files. Raw: [1789248931:629596][24240:140716104058400], file:WiredTiger.wt, WT_SESSION.checkpoint: __win_fs_rename, 121: Access denied to a file owned by WiredTiger. It will attempt a few more times. You should confirm no other processes, such as virus scanners, are accessing the WiredTiger files.
2026-09-12 15:35:31.631  INFO 19316 --- [      Thread-40] o.s.b.a.mongo.embedded.EmbeddedMongo     : 2026-09-12T15:35:31.632-0600 E STORAGE  [WTCheckpointThread] WiredTiger error (0) [1789248931:631880][4748:140716104058400], file:WiredTiger.wt, WT_SESSION.checkpoint: __win_fs_rename, 121: Access denied to a file owned by WiredTiger. It will attempt a few more times. You should confirm no other processes, such as virus scanners, are accessing the WiredTiger files. Raw: [1789248931:631880][4748:140716104058400], file:WiredTiger.wt, WT_SESSION.checkpoint: __win_fs_rename, 121: Access denied to a file owned by WiredTiger. It will attempt a few more times. You should confirm no other processes, such as virus scanners, are accessing the WiredTiger files.
2026-09-12 15:35:31.708  INFO 19316 --- [       Thread-3] o.s.b.a.mongo.embedded.EmbeddedMongo     : 2026-09-12T15:35:31.708-0600 E STORAGE  [WTCheckpointThread] WiredTiger error (0) [1789248931:708019][24240:140716104058400], file:WiredTiger.wt, WT_SESSION.checkpoint: __win_fs_rename, 121: Access denied to a file owned by WiredTiger. It will attempt a few more times. You should confirm no other processes, such as virus scanners, are accessing the WiredTiger files. Raw: [1789248931:708019][24240:140716104058400], file:WiredTiger.wt, WT_SESSION.checkpoint: __win_fs_rename, 121: Access denied to a file owned by WiredTiger. It will attempt a few more times. You should confirm no other processes, such as virus scanners, are accessing the WiredTiger files.
2026-09-12 15:35:31.771  INFO 19316 --- [       Thread-3] o.s.b.a.mongo.embedded.EmbeddedMongo     : 2026-09-12T15:35:31.772-0600 E STORAGE  [WTCheckpointThread] WiredTiger error (0) [1789248931:771870][24240:140716104058400], file:WiredTiger.wt, WT_SESSION.checkpoint: __win_fs_rename, 121: Access denied to a file owned by WiredTiger. It will attempt a few more times. You should confirm no other processes, such as virus scanners, are accessing the WiredTiger files. Raw: [1789248931:771870][24240:140716104058400], file:WiredTiger.wt, WT_SESSION.checkpoint: __win_fs_rename, 121: Access denied to a file owned by WiredTiger. It will attempt a few more times. You should confirm no other processes, such as virus scanners, are accessing the WiredTiger files.
2026-09-12 15:35:31.878  INFO 19316 --- [       Thread-3] o.s.b.a.mongo.embedded.EmbeddedMongo     : 2026-09-12T15:35:31.878-0600 E STORAGE  [WTCheckpointThread] WiredTiger error (0) [1789248931:878177][24240:140716104058400], file:WiredTiger.wt, WT_SESSION.checkpoint: __win_fs_rename, 121: Access denied to a file owned by WiredTiger. It will attempt a few more times. You should confirm no other processes, such as virus scanners, are accessing the WiredTiger files. Raw: [1789248931:878177][24240:140716104058400], file:WiredTiger.wt, WT_SESSION.checkpoint: __win_fs_rename, 121: Access denied to a file owned by WiredTiger. It will attempt a few more times. You should confirm no other processes, such as virus scanners, are accessing the WiredTiger files.
2026-09-12 15:35:31.880  INFO 19316 --- [      Thread-40] o.s.b.a.mongo.embedded.EmbeddedMongo     : 2026-09-12T15:35:31.880-0600 E STORAGE  [WTCheckpointThread] WiredTiger error (0) [1789248931:880330][4748:140716104058400], file:WiredTiger.wt, WT_SESSION.checkpoint: __win_fs_rename, 121: Access denied to a file owned by WiredTiger. It will attempt a few more times. You should confirm no other processes, such as virus scanners, are accessing the WiredTiger files. Raw: [1789248931:880330][4748:140716104058400], file:WiredTiger.wt, WT_SESSION.checkpoint: __win_fs_rename, 121: Access denied to a file owned by WiredTiger. It will attempt a few more times. You should confirm no other processes, such as virus scanners, are accessing the WiredTiger files.
2026-09-12 15:35:32.066  INFO 19316 --- [      Thread-40] o.s.b.a.mongo.embedded.EmbeddedMongo     : 2026-09-12T15:35:32.066-0600 E STORAGE  [WTCheckpointThread] WiredTiger error (0) [1789248932:66271][4748:140716104058400], file:WiredTiger.wt, WT_SESSION.checkpoint: __win_fs_rename, 121: Access denied to a file owned by WiredTiger. It will attempt a few more times. You should confirm no other processes, such as virus scanners, are accessing the WiredTiger files. Raw: [1789248932:66271][4748:140716104058400], file:WiredTiger.wt, WT_SESSION.checkpoint: __win_fs_rename, 121: Access denied to a file owned by WiredTiger. It will attempt a few more times. You should confirm no other processes, such as virus scanners, are accessing the WiredTiger files.
2026-09-12 15:35:32.145  INFO 19316 --- [      Thread-40] o.s.b.a.mongo.embedded.EmbeddedMongo     : 2026-09-12T15:35:32.145-0600 E STORAGE  [WTCheckpointThread] WiredTiger error (0) [1789248932:144209][4748:140716104058400], file:WiredTiger.wt, WT_SESSION.checkpoint: __win_fs_rename, 121: Access denied to a file owned by WiredTiger. It will attempt a few more times. You should confirm no other processes, such as virus scanners, are accessing the WiredTiger files. Raw: [1789248932:144209][4748:140716104058400], file:WiredTiger.wt, WT_SESSION.checkpoint: __win_fs_rename, 121: Access denied to a file owned by WiredTiger. It will attempt a few more times. You should confirm no other processes, such as virus scanners, are accessing the WiredTiger files.
2026-09-12 15:35:32.161  INFO 19316 --- [       Thread-3] o.s.b.a.mongo.embedded.EmbeddedMongo     : 2026-09-12T15:35:32.161-0600 E STORAGE  [WTCheckpointThread] WiredTiger error (0) [1789248932:161875][24240:140716104058400], file:WiredTiger.wt, WT_SESSION.checkpoint: __win_fs_rename, 121: Access denied to a file owned by WiredTiger. It will attempt a few more times. You should confirm no other processes, such as virus scanners, are accessing the WiredTiger files. Raw: [1789248932:161875][24240:140716104058400], file:WiredTiger.wt, WT_SESSION.checkpoint: __win_fs_rename, 121: Access denied to a file owned by WiredTiger. It will attempt a few more times. You should confirm no other processes, such as virus scanners, are accessing the WiredTiger files.
2026-09-12 15:35:32.300  INFO 19316 --- [       Thread-3] o.s.b.a.mongo.embedded.EmbeddedMongo     : 2026-09-12T15:35:32.301-0600 E STORAGE  [WTCheckpointThread] WiredTiger error (0) [1789248932:300754][24240:140716104058400], file:WiredTiger.wt, WT_SESSION.checkpoint: __win_fs_rename, 121: Access denied to a file owned by WiredTiger. It will attempt a few more times. You should confirm no other processes, such as virus scanners, are accessing the WiredTiger files. Raw: [1789248932:300754][24240:140716104058400], file:WiredTiger.wt, WT_SESSION.checkpoint: __win_fs_rename, 121: Access denied to a file owned by WiredTiger. It will attempt a few more times. You should confirm no other processes, such as virus scanners, are accessing the WiredTiger files.
2026-09-12 15:35:32.415  INFO 19316 --- [       Thread-3] o.s.b.a.mongo.embedded.EmbeddedMongo     : 2026-09-12T15:35:32.416-0600 E STORAGE  [WTCheckpointThread] WiredTiger error (0) [1789248932:415368][24240:140716104058400], file:WiredTiger.wt, WT_SESSION.checkpoint: __win_fs_rename, 121: Access denied to a file owned by WiredTiger. It will attempt a few more times. You should confirm no other processes, such as virus scanners, are accessing the WiredTiger files. Raw: [1789248932:415368][24240:140716104058400], file:WiredTiger.wt, WT_SESSION.checkpoint: __win_fs_rename, 121: Access denied to a file owned by WiredTiger. It will attempt a few more times. You should confirm no other processes, such as virus scanners, are accessing the WiredTiger files.
2026-09-12 15:35:32.428  INFO 19316 --- [      Thread-40] o.s.b.a.mongo.embedded.EmbeddedMongo     : 2026-09-12T15:35:32.428-0600 E STORAGE  [WTCheckpointThread] WiredTiger error (0) [1789248932:428605][4748:140716104058400], file:WiredTiger.wt, WT_SESSION.checkpoint: __win_fs_rename, 121: Access denied to a file owned by WiredTiger. It will attempt a few more times. You should confirm no other processes, such as virus scanners, are accessing the WiredTiger files. Raw: [1789248932:428605][4748:140716104058400], file:WiredTiger.wt, WT_SESSION.checkpoint: __win_fs_rename, 121: Access denied to a file owned by WiredTiger. It will attempt a few more times. You should confirm no other processes, such as virus scanners, are accessing the WiredTiger files.
2026-09-12 15:35:32.494  INFO 19316 --- [      Thread-40] o.s.b.a.mongo.embedded.EmbeddedMongo     : 2026-09-12T15:35:32.494-0600 E STORAGE  [WTCheckpointThread] WiredTiger error (0) [1789248932:494488][4748:140716104058400], file:WiredTiger.wt, WT_SESSION.checkpoint: __win_fs_rename, 121: Access denied to a file owned by WiredTiger. It will attempt a few more times. You should confirm no other processes, such as virus scanners, are accessing the WiredTiger files. Raw: [1789248932:494488][4748:140716104058400], file:WiredTiger.wt, WT_SESSION.checkpoint: __win_fs_rename, 121: Access denied to a file owned by WiredTiger. It will attempt a few more times. You should confirm no other processes, such as virus scanners, are accessing the WiredTiger files.
2026-09-12 15:35:32.496  INFO 19316 --- [       Thread-3] o.s.b.a.mongo.embedded.EmbeddedMongo     : 2026-09-12T15:35:32.497-0600 I NETWORK  [conn10] end connection 127.0.0.1:61933 (14 connections now open)
2026-09-12 15:35:32.496  INFO 19316 --- [       Thread-3] o.s.b.a.mongo.embedded.EmbeddedMongo     : 2026-09-12T15:35:32.497-0600 I NETWORK  [conn8] end connection 127.0.0.1:61931 (15 connections now open)
2026-09-12 15:35:32.497  INFO 19316 --- [       Thread-3] o.s.b.a.mongo.embedded.EmbeddedMongo     : 2026-09-12T15:35:32.497-0600 I NETWORK  [conn11] end connection 127.0.0.1:61934 (13 connections now open)
2026-09-12 15:35:32.497  INFO 19316 --- [       Thread-3] o.s.b.a.mongo.embedded.EmbeddedMongo     : 2026-09-12T15:35:32.497-0600 I NETWORK  [conn12] end connection 127.0.0.1:61935 (11 connections now open)
2026-09-12 15:35:32.497  INFO 19316 --- [       Thread-3] o.s.b.a.mongo.embedded.EmbeddedMongo     : 2026-09-12T15:35:32.497-0600 I NETWORK  [conn6] end connection 127.0.0.1:61929 (12 connections now open)
2026-09-12 15:35:32.497  INFO 19316 --- [       Thread-3] o.s.b.a.mongo.embedded.EmbeddedMongo     : 2026-09-12T15:35:32.497-0600 I NETWORK  [conn5] end connection 127.0.0.1:61928 (8 connections now open)
2026-09-12 15:35:32.497  INFO 19316 --- [       Thread-3] o.s.b.a.mongo.embedded.EmbeddedMongo     : 2026-09-12T15:35:32.497-0600 I NETWORK  [conn9] end connection 127.0.0.1:61932 (9 connections now open)
2026-09-12 15:35:32.497  INFO 19316 --- [       Thread-3] o.s.b.a.mongo.embedded.EmbeddedMongo     : 2026-09-12T15:35:32.497-0600 I NETWORK  [conn3] end connection 127.0.0.1:61925 (7 connections now open)
2026-09-12 15:35:32.497  INFO 19316 --- [       Thread-3] o.s.b.a.mongo.embedded.EmbeddedMongo     : 2026-09-12T15:35:32.497-0600 I NETWORK  [conn7] end connection 127.0.0.1:61930 (6 connections now open)
2026-09-12 15:35:32.497  INFO 19316 --- [       Thread-3] o.s.b.a.mongo.embedded.EmbeddedMongo     : 2026-09-12T15:35:32.497-0600 I NETWORK  [conn4] end connection 127.0.0.1:61927 (10 connections now open)
2026-09-12 15:35:32.497  INFO 19316 --- [       Thread-3] o.s.b.a.mongo.embedded.EmbeddedMongo     : 2026-09-12T15:35:32.497-0600 I NETWORK  [conn15] end connection 127.0.0.1:61938 (5 connections now open)
2026-09-12 15:35:32.497  INFO 19316 --- [       Thread-3] o.s.b.a.mongo.embedded.EmbeddedMongo     : 2026-09-12T15:35:32.497-0600 I NETWORK  [conn13] end connection 127.0.0.1:61936 (4 connections now open)
2026-09-12 15:35:32.497  INFO 19316 --- [       Thread-3] o.s.b.a.mongo.embedded.EmbeddedMongo     : 2026-09-12T15:35:32.497-0600 I NETWORK  [conn14] end connection 127.0.0.1:61937 (3 connections now open)
2026-09-12 15:35:32.497  INFO 19316 --- [       Thread-3] o.s.b.a.mongo.embedded.EmbeddedMongo     : 2026-09-12T15:35:32.497-0600 I NETWORK  [conn16] end connection 127.0.0.1:61939 (2 connections now open)
2026-09-12 15:35:32.497  INFO 19316 --- [       Thread-3] o.s.b.a.mongo.embedded.EmbeddedMongo     : 2026-09-12T15:35:32.498-0600 I NETWORK  [conn2] end connection 127.0.0.1:64228 (1 connection now open)
2026-09-12 15:35:32.497  INFO 19316 --- [       Thread-3] o.s.b.a.mongo.embedded.EmbeddedMongo     : 2026-09-12T15:35:32.498-0600 I NETWORK  [conn1] end connection 127.0.0.1:64227 (0 connections now open)
2026-09-12 15:35:32.514  INFO 19316 --- [       Thread-3] o.s.b.a.mongo.embedded.EmbeddedMongo     : 2026-09-12T15:35:32.514-0600 E STORAGE  [WTCheckpointThread] WiredTiger error (0) [1789248932:514136][24240:140716104058400], file:WiredTiger.wt, WT_SESSION.checkpoint: __win_fs_rename, 121: Access denied to a file owned by WiredTiger. It will attempt a few more times. You should confirm no other processes, such as virus scanners, are accessing the WiredTiger files. Raw: [1789248932:514136][24240:140716104058400], file:WiredTiger.wt, WT_SESSION.checkpoint: __win_fs_rename, 121: Access denied to a file owned by WiredTiger. It will attempt a few more times. You should confirm no other processes, such as virus scanners, are accessing the WiredTiger files.
2026-09-12 15:35:32.564  INFO 19316 --- [      Thread-40] o.s.b.a.mongo.embedded.EmbeddedMongo     : 2026-09-12T15:35:32.564-0600 E STORAGE  [WTCheckpointThread] WiredTiger error (0) [1789248932:564039][4748:140716104058400], file:WiredTiger.wt, WT_SESSION.checkpoint: __win_fs_rename, 121: Access denied to a file owned by WiredTiger. It will attempt a few more times. You should confirm no other processes, such as virus scanners, are accessing the WiredTiger files. Raw: [1789248932:564039][4748:140716104058400], file:WiredTiger.wt, WT_SESSION.checkpoint: __win_fs_rename, 121: Access denied to a file owned by WiredTiger. It will attempt a few more times. You should confirm no other processes, such as virus scanners, are accessing the WiredTiger files.
2026-09-12 15:35:32.589  INFO 19316 --- [       Thread-3] o.s.b.a.mongo.embedded.EmbeddedMongo     : 2026-09-12T15:35:32.589-0600 E STORAGE  [WTCheckpointThread] WiredTiger error (0) [1789248932:589205][24240:140716104058400], file:WiredTiger.wt, WT_SESSION.checkpoint: __win_fs_rename, 121: Access denied to a file owned by WiredTiger. It will attempt a few more times. You should confirm no other processes, such as virus scanners, are accessing the WiredTiger files. Raw: [1789248932:589205][24240:140716104058400], file:WiredTiger.wt, WT_SESSION.checkpoint: __win_fs_rename, 121: Access denied to a file owned by WiredTiger. It will attempt a few more times. You should confirm no other processes, such as virus scanners, are accessing the WiredTiger files.
2026-09-12 15:35:32.660  INFO 19316 --- [      Thread-40] o.s.b.a.mongo.embedded.EmbeddedMongo     : 2026-09-12T15:35:32.661-0600 E STORAGE  [WTCheckpointThread] WiredTiger error (0) [1789248932:660853][4748:140716104058400], file:WiredTiger.wt, WT_SESSION.checkpoint: __win_fs_rename, 121: Access denied to a file owned by WiredTiger. It will attempt a few more times. You should confirm no other processes, such as virus scanners, are accessing the WiredTiger files. Raw: [1789248932:660853][4748:140716104058400], file:WiredTiger.wt, WT_SESSION.checkpoint: __win_fs_rename, 121: Access denied to a file owned by WiredTiger. It will attempt a few more times. You should confirm no other processes, such as virus scanners, are accessing the WiredTiger files.
2026-09-12 15:35:32.726  INFO 19316 --- [       Thread-3] o.s.b.a.mongo.embedded.EmbeddedMongo     : 2026-09-12T15:35:32.727-0600 E STORAGE  [WTCheckpointThread] WiredTiger error (0) [1789248932:726348][24240:140716104058400], file:WiredTiger.wt, WT_SESSION.checkpoint: __win_fs_rename, 121: Access denied to a file owned by WiredTiger. It will attempt a few more times. You should confirm no other processes, such as virus scanners, are accessing the WiredTiger files. Raw: [1789248932:726348][24240:140716104058400], file:WiredTiger.wt, WT_SESSION.checkpoint: __win_fs_rename, 121: Access denied to a file owned by WiredTiger. It will attempt a few more times. You should confirm no other processes, such as virus scanners, are accessing the WiredTiger files.
2026-09-12 15:35:32.728  INFO 19316 --- [      Thread-40] o.s.b.a.mongo.embedded.EmbeddedMongo     : 2026-09-12T15:35:32.729-0600 E STORAGE  [WTCheckpointThread] WiredTiger error (0) [1789248932:728557][4748:140716104058400], file:WiredTiger.wt, WT_SESSION.checkpoint: __win_fs_rename, 121: Access denied to a file owned by WiredTiger. It will attempt a few more times. You should confirm no other processes, such as virus scanners, are accessing the WiredTiger files. Raw: [1789248932:728557][4748:140716104058400], file:WiredTiger.wt, WT_SESSION.checkpoint: __win_fs_rename, 121: Access denied to a file owned by WiredTiger. It will attempt a few more times. You should confirm no other processes, such as virus scanners, are accessing the WiredTiger files.
2026-09-12 15:35:32.791  INFO 19316 --- [       Thread-3] o.s.b.a.mongo.embedded.EmbeddedMongo     : 2026-09-12T15:35:32.792-0600 E STORAGE  [WTCheckpointThread] WiredTiger error (0) [1789248932:791670][24240:140716104058400], file:WiredTiger.wt, WT_SESSION.checkpoint: __win_fs_rename, 121: Access denied to a file owned by WiredTiger. It will attempt a few more times. You should confirm no other processes, such as virus scanners, are accessing the WiredTiger files. Raw: [1789248932:791670][24240:140716104058400], file:WiredTiger.wt, WT_SESSION.checkpoint: __win_fs_rename, 121: Access denied to a file owned by WiredTiger. It will attempt a few more times. You should confirm no other processes, such as virus scanners, are accessing the WiredTiger files.
2026-09-12 15:35:32.841  INFO 19316 --- [      Thread-40] o.s.b.a.mongo.embedded.EmbeddedMongo     : 2026-09-12T15:35:32.842-0600 E STORAGE  [WTCheckpointThread] WiredTiger error (0) [1789248932:841165][4748:140716104058400], file:WiredTiger.wt, WT_SESSION.checkpoint: __win_fs_rename, 121: Access denied to a file owned by WiredTiger. It will attempt a few more times. You should confirm no other processes, such as virus scanners, are accessing the WiredTiger files. Raw: [1789248932:841165][4748:140716104058400], file:WiredTiger.wt, WT_SESSION.checkpoint: __win_fs_rename, 121: Access denied to a file owned by WiredTiger. It will attempt a few more times. You should confirm no other processes, such as virus scanners, are accessing the WiredTiger files.
2026-09-12 15:35:32.866  INFO 19316 --- [       Thread-3] o.s.b.a.mongo.embedded.EmbeddedMongo     : 2026-09-12T15:35:32.867-0600 E STORAGE  [WTCheckpointThread] WiredTiger error (0) [1789248932:866848][24240:140716104058400], file:WiredTiger.wt, WT_SESSION.checkpoint: __win_fs_rename, 121: Access denied to a file owned by WiredTiger. It will attempt a few more times. You should confirm no other processes, such as virus scanners, are accessing the WiredTiger files. Raw: [1789248932:866848][24240:140716104058400], file:WiredTiger.wt, WT_SESSION.checkpoint: __win_fs_rename, 121: Access denied to a file owned by WiredTiger. It will attempt a few more times. You should confirm no other processes, such as virus scanners, are accessing the WiredTiger files.
2026-09-12 15:35:32.902  INFO 19316 --- [      Thread-40] o.s.b.a.mongo.embedded.EmbeddedMongo     : 2026-09-12T15:35:32.903-0600 E STORAGE  [WTCheckpointThread] WiredTiger error (0) [1789248932:902415][4748:140716104058400], file:WiredTiger.wt, WT_SESSION.checkpoint: __win_fs_rename, 121: Access denied to a file owned by WiredTiger. It will attempt a few more times. You should confirm no other processes, such as virus scanners, are accessing the WiredTiger files. Raw: [1789248932:902415][4748:140716104058400], file:WiredTiger.wt, WT_SESSION.checkpoint: __win_fs_rename, 121: Access denied to a file owned by WiredTiger. It will attempt a few more times. You should confirm no other processes, such as virus scanners, are accessing the WiredTiger files.
2026-09-12 15:35:32.970  INFO 19316 --- [      Thread-40] o.s.b.a.mongo.embedded.EmbeddedMongo     : 2026-09-12T15:35:32.971-0600 E STORAGE  [WTCheckpointThread] WiredTiger error (0) [1789248932:970409][4748:140716104058400], file:WiredTiger.wt, WT_SESSION.checkpoint: __win_fs_rename, 121: Access denied to a file owned by WiredTiger. It will attempt a few more times. You should confirm no other processes, such as virus scanners, are accessing the WiredTiger files. Raw: [1789248932:970409][4748:140716104058400], file:WiredTiger.wt, WT_SESSION.checkpoint: __win_fs_rename, 121: Access denied to a file owned by WiredTiger. It will attempt a few more times. You should confirm no other processes, such as virus scanners, are accessing the WiredTiger files.
2026-09-12 15:35:33.130  INFO 19316 --- [      Thread-40] o.s.b.a.mongo.embedded.EmbeddedMongo     : 2026-09-12T15:35:33.130-0600 E STORAGE  [WTCheckpointThread] WiredTiger error (0) [1789248933:130485][4748:140716104058400], file:WiredTiger.wt, WT_SESSION.checkpoint: __win_fs_rename, 121: Access denied to a file owned by WiredTiger. It will attempt a few more times. You should confirm no other processes, such as virus scanners, are accessing the WiredTiger files. Raw: [1789248933:130485][4748:140716104058400], file:WiredTiger.wt, WT_SESSION.checkpoint: __win_fs_rename, 121: Access denied to a file owned by WiredTiger. It will attempt a few more times. You should confirm no other processes, such as virus scanners, are accessing the WiredTiger files.
2026-09-12 15:35:33.189  INFO 19316 --- [      Thread-40] o.s.b.a.mongo.embedded.EmbeddedMongo     : 2026-09-12T15:35:33.190-0600 E STORAGE  [WTCheckpointThread] WiredTiger error (0) [1789248933:189329][4748:140716104058400], file:WiredTiger.wt, WT_SESSION.checkpoint: __win_fs_rename, 121: Access denied to a file owned by WiredTiger. It will attempt a few more times. You should confirm no other processes, such as virus scanners, are accessing the WiredTiger files. Raw: [1789248933:189329][4748:140716104058400], file:WiredTiger.wt, WT_SESSION.checkpoint: __win_fs_rename, 121: Access denied to a file owned by WiredTiger. It will attempt a few more times. You should confirm no other processes, such as virus scanners, are accessing the WiredTiger files.
2026-09-12 15:35:33.300  INFO 19316 --- [      Thread-40] o.s.b.a.mongo.embedded.EmbeddedMongo     : 2026-09-12T15:35:33.300-0600 E STORAGE  [WTCheckpointThread] WiredTiger error (0) [1789248933:300590][4748:140716104058400], file:WiredTiger.wt, WT_SESSION.checkpoint: __win_fs_rename, 121: Access denied to a file owned by WiredTiger. It will attempt a few more times. You should confirm no other processes, such as virus scanners, are accessing the WiredTiger files. Raw: [1789248933:300590][4748:140716104058400], file:WiredTiger.wt, WT_SESSION.checkpoint: __win_fs_rename, 121: Access denied to a file owned by WiredTiger. It will attempt a few more times. You should confirm no other processes, such as virus scanners, are accessing the WiredTiger files.
2026-09-12 15:35:33.363  INFO 19316 --- [      Thread-40] o.s.b.a.mongo.embedded.EmbeddedMongo     : 2026-09-12T15:35:33.364-0600 E STORAGE  [WTCheckpointThread] WiredTiger error (0) [1789248933:363707][4748:140716104058400], file:WiredTiger.wt, WT_SESSION.checkpoint: __win_fs_rename, 121: Access denied to a file owned by WiredTiger. It will attempt a few more times. You should confirm no other processes, such as virus scanners, are accessing the WiredTiger files. Raw: [1789248933:363707][4748:140716104058400], file:WiredTiger.wt, WT_SESSION.checkpoint: __win_fs_rename, 121: Access denied to a file owned by WiredTiger. It will attempt a few more times. You should confirm no other processes, such as virus scanners, are accessing the WiredTiger files.
2026-09-12 15:35:33.492  INFO 19316 --- [      Thread-40] o.s.b.a.mongo.embedded.EmbeddedMongo     : 2026-09-12T15:35:33.493-0600 E STORAGE  [WTCheckpointThread] WiredTiger error (0) [1789248933:492872][4748:140716104058400], file:WiredTiger.wt, WT_SESSION.checkpoint: __win_fs_rename, 121: Access denied to a file owned by WiredTiger. It will attempt a few more times. You should confirm no other processes, such as virus scanners, are accessing the WiredTiger files. Raw: [1789248933:492872][4748:140716104058400], file:WiredTiger.wt, WT_SESSION.checkpoint: __win_fs_rename, 121: Access denied to a file owned by WiredTiger. It will attempt a few more times. You should confirm no other processes, such as virus scanners, are accessing the WiredTiger files.
2026-09-12 15:35:33.599  INFO 19316 --- [      Thread-40] o.s.b.a.mongo.embedded.EmbeddedMongo     : 2026-09-12T15:35:33.599-0600 E STORAGE  [WTCheckpointThread] WiredTiger error (0) [1789248933:598205][4748:140716104058400], file:WiredTiger.wt, WT_SESSION.checkpoint: __win_fs_rename, 121: Access denied to a file owned by WiredTiger. It will attempt a few more times. You should confirm no other processes, such as virus scanners, are accessing the WiredTiger files. Raw: [1789248933:598205][4748:140716104058400], file:WiredTiger.wt, WT_SESSION.checkpoint: __win_fs_rename, 121: Access denied to a file owned by WiredTiger. It will attempt a few more times. You should confirm no other processes, such as virus scanners, are accessing the WiredTiger files.
2026-09-12 15:35:33.657  INFO 19316 --- [      Thread-40] o.s.b.a.mongo.embedded.EmbeddedMongo     : 2026-09-12T15:35:33.658-0600 E STORAGE  [WTCheckpointThread] WiredTiger error (0) [1789248933:657593][4748:140716104058400], file:WiredTiger.wt, WT_SESSION.checkpoint: __win_fs_rename, 121: Access denied to a file owned by WiredTiger. It will attempt a few more times. You should confirm no other processes, such as virus scanners, are accessing the WiredTiger files. Raw: [1789248933:657593][4748:140716104058400], file:WiredTiger.wt, WT_SESSION.checkpoint: __win_fs_rename, 121: Access denied to a file owned by WiredTiger. It will attempt a few more times. You should confirm no other processes, such as virus scanners, are accessing the WiredTiger files.
2026-09-12 15:35:33.736  INFO 19316 --- [      Thread-40] o.s.b.a.mongo.embedded.EmbeddedMongo     : 2026-09-12T15:35:33.736-0600 E STORAGE  [WTCheckpointThread] WiredTiger error (0) [1789248933:736871][4748:140716104058400], file:WiredTiger.wt, WT_SESSION.checkpoint: __win_fs_rename, 121: Access denied to a file owned by WiredTiger. It will attempt a few more times. You should confirm no other processes, such as virus scanners, are accessing the WiredTiger files. Raw: [1789248933:736871][4748:140716104058400], file:WiredTiger.wt, WT_SESSION.checkpoint: __win_fs_rename, 121: Access denied to a file owned by WiredTiger. It will attempt a few more times. You should confirm no other processes, such as virus scanners, are accessing the WiredTiger files.
2026-09-12 15:35:33.796  INFO 19316 --- [      Thread-40] o.s.b.a.mongo.embedded.EmbeddedMongo     : 2026-09-12T15:35:33.796-0600 E STORAGE  [WTCheckpointThread] WiredTiger error (0) [1789248933:795751][4748:140716104058400], file:WiredTiger.wt, WT_SESSION.checkpoint: __win_fs_rename, 121: Access denied to a file owned by WiredTiger. It will attempt a few more times. You should confirm no other processes, such as virus scanners, are accessing the WiredTiger files. Raw: [1789248933:795751][4748:140716104058400], file:WiredTiger.wt, WT_SESSION.checkpoint: __win_fs_rename, 121: Access denied to a file owned by WiredTiger. It will attempt a few more times. You should confirm no other processes, such as virus scanners, are accessing the WiredTiger files.
2026-09-12 15:35:33.869  INFO 19316 --- [      Thread-40] o.s.b.a.mongo.embedded.EmbeddedMongo     : 2026-09-12T15:35:33.870-0600 E STORAGE  [WTCheckpointThread] WiredTiger error (0) [1789248933:869909][4748:140716104058400], file:WiredTiger.wt, WT_SESSION.checkpoint: __win_fs_rename, 121: Access denied to a file owned by WiredTiger. It will attempt a few more times. You should confirm no other processes, such as virus scanners, are accessing the WiredTiger files. Raw: [1789248933:869909][4748:140716104058400], file:WiredTiger.wt, WT_SESSION.checkpoint: __win_fs_rename, 121: Access denied to a file owned by WiredTiger. It will attempt a few more times. You should confirm no other processes, such as virus scanners, are accessing the WiredTiger files.
2026-09-12 15:35:33.933  INFO 19316 --- [      Thread-40] o.s.b.a.mongo.embedded.EmbeddedMongo     : 2026-09-12T15:35:33.933-0600 E STORAGE  [WTCheckpointThread] WiredTiger error (0) [1789248933:933187][4748:140716104058400], file:WiredTiger.wt, WT_SESSION.checkpoint: __win_fs_rename, 121: Access denied to a file owned by WiredTiger. It will attempt a few more times. You should confirm no other processes, such as virus scanners, are accessing the WiredTiger files. Raw: [1789248933:933187][4748:140716104058400], file:WiredTiger.wt, WT_SESSION.checkpoint: __win_fs_rename, 121: Access denied to a file owned by WiredTiger. It will attempt a few more times. You should confirm no other processes, such as virus scanners, are accessing the WiredTiger files.
2026-09-12 15:35:33.988  INFO 19316 --- [      Thread-40] o.s.b.a.mongo.embedded.EmbeddedMongo     : 2026-09-12T15:35:33.988-0600 E STORAGE  [WTCheckpointThread] WiredTiger error (0) [1789248933:988613][4748:140716104058400], file:WiredTiger.wt, WT_SESSION.checkpoint: __win_fs_rename, 121: Access denied to a file owned by WiredTiger. It will attempt a few more times. You should confirm no other processes, such as virus scanners, are accessing the WiredTiger files. Raw: [1789248933:988613][4748:140716104058400], file:WiredTiger.wt, WT_SESSION.checkpoint: __win_fs_rename, 121: Access denied to a file owned by WiredTiger. It will attempt a few more times. You should confirm no other processes, such as virus scanners, are accessing the WiredTiger files.
2026-09-12 15:35:34.566  INFO 19316 --- [       Thread-3] o.s.b.a.mongo.embedded.EmbeddedMongo     : 2026-09-12T15:35:34.567-0600 I NETWORK  [listener] connection accepted from 127.0.0.1:61957 #17 (1 connection now open)
2026-09-12 15:35:34.566  INFO 19316 --- [       Thread-3] o.s.b.a.mongo.embedded.EmbeddedMongo     : 2026-09-12T15:35:34.567-0600 I COMMAND  [conn17] terminating, shutdown command received { shutdown: 1, force: true, timeoutSecs: 0, $db: "admin" }
2026-09-12 15:35:34.566  INFO 19316 --- [       Thread-3] o.s.b.a.mongo.embedded.EmbeddedMongo     : 2026-09-12T15:35:34.567-0600 I NETWORK  [conn17] shutdown: going to close listening sockets...
2026-09-12 15:35:34.568  INFO 19316 --- [       Thread-3] o.s.b.a.mongo.embedded.EmbeddedMongo     : 2026-09-12T15:35:34.568-0600 I CONTROL  [conn17] Shutting down free monitoring
2026-09-12 15:35:34.568  INFO 19316 --- [       Thread-3] o.s.b.a.mongo.embedded.EmbeddedMongo     : 2026-09-12T15:35:34.568-0600 I FTDC     [conn17] Shutting down full-time diagnostic data capture
2026-09-12 15:35:34.569  INFO 19316 --- [       Thread-3] o.s.b.a.mongo.embedded.EmbeddedMongo     : 2026-09-12T15:35:34.568-0600 I STORAGE  [conn17] WiredTigerKVEngine shutting down
2026-09-12 15:35:34.569  INFO 19316 --- [       Thread-3] o.s.b.a.mongo.embedded.EmbeddedMongo     : 2026-09-12T15:35:34.568-0600 I STORAGE  [conn17] Shutting down session sweeper thread
2026-09-12 15:35:34.569  INFO 19316 --- [       Thread-3] o.s.b.a.mongo.embedded.EmbeddedMongo     : 2026-09-12T15:35:34.569-0600 I STORAGE  [conn17] Finished shutting down session sweeper thread
2026-09-12 15:35:34.580  INFO 19316 --- [       Thread-3] o.s.b.a.mongo.embedded.EmbeddedMongo     : 2026-09-12T15:35:34.580-0600 I STORAGE  [conn17] shutdown: removing fs lock...
2026-09-12 15:35:34.580  INFO 19316 --- [       Thread-3] o.s.b.a.mongo.embedded.EmbeddedMongo     : 2026-09-12T15:35:34.580-0600 I CONTROL  [conn17] now exiting
2026-09-12 15:35:34.580  INFO 19316 --- [       Thread-3] o.s.b.a.mongo.embedded.EmbeddedMongo     : 2026-09-12T15:35:34.580-0600 I CONTROL  [conn17] shutting down with code:0
2026-09-12 15:35:34.702  INFO 19316 --- [      Thread-40] o.s.b.a.mongo.embedded.EmbeddedMongo     : 2026-09-12T15:35:34.702-0600 I NETWORK  [conn10] end connection 127.0.0.1:61953 (8 connections now open)
2026-09-12 15:35:34.702  INFO 19316 --- [      Thread-40] o.s.b.a.mongo.embedded.EmbeddedMongo     : 2026-09-12T15:35:34.702-0600 I NETWORK  [conn11] end connection 127.0.0.1:61954 (3 connections now open)
2026-09-12 15:35:34.702  INFO 19316 --- [      Thread-40] o.s.b.a.mongo.embedded.EmbeddedMongo     : 2026-09-12T15:35:34.702-0600 I NETWORK  [conn5] end connection 127.0.0.1:61947 (9 connections now open)
2026-09-12 15:35:34.702  INFO 19316 --- [      Thread-40] o.s.b.a.mongo.embedded.EmbeddedMongo     : 2026-09-12T15:35:34.702-0600 I NETWORK  [conn8] end connection 127.0.0.1:61951 (2 connections now open)
2026-09-12 15:35:34.703  INFO 19316 --- [      Thread-40] o.s.b.a.mongo.embedded.EmbeddedMongo     : 2026-09-12T15:35:34.702-0600 I NETWORK  [conn3] end connection 127.0.0.1:61946 (7 connections now open)
2026-09-12 15:35:34.703  INFO 19316 --- [      Thread-40] o.s.b.a.mongo.embedded.EmbeddedMongo     : 2026-09-12T15:35:34.702-0600 I NETWORK  [conn4] end connection 127.0.0.1:61948 (5 connections now open)
2026-09-12 15:35:34.703  INFO 19316 --- [      Thread-40] o.s.b.a.mongo.embedded.EmbeddedMongo     : 2026-09-12T15:35:34.702-0600 I NETWORK  [conn9] end connection 127.0.0.1:61952 (4 connections now open)
2026-09-12 15:35:34.703  INFO 19316 --- [      Thread-40] o.s.b.a.mongo.embedded.EmbeddedMongo     : 2026-09-12T15:35:34.702-0600 I NETWORK  [conn7] end connection 127.0.0.1:61950 (10 connections now open)
2026-09-12 15:35:34.703  INFO 19316 --- [      Thread-40] o.s.b.a.mongo.embedded.EmbeddedMongo     : 2026-09-12T15:35:34.702-0600 I NETWORK  [conn1] end connection 127.0.0.1:61945 (0 connections now open)
2026-09-12 15:35:34.703  INFO 19316 --- [      Thread-40] o.s.b.a.mongo.embedded.EmbeddedMongo     : 2026-09-12T15:35:34.702-0600 I NETWORK  [conn2] end connection 127.0.0.1:61944 (1 connection now open)
2026-09-12 15:35:34.703  INFO 19316 --- [      Thread-40] o.s.b.a.mongo.embedded.EmbeddedMongo     : 2026-09-12T15:35:34.702-0600 I NETWORK  [conn6] end connection 127.0.0.1:61949 (6 connections now open)
2026-09-12 15:35:34.877  INFO 19316 --- [      Thread-40] o.s.b.a.mongo.embedded.EmbeddedMongo     : 2026-09-12T15:35:34.878-0600 E STORAGE  [WTCheckpointThread] WiredTiger error (0) [1789248934:877630][4748:140716104058400], file:WiredTiger.wt, WT_SESSION.checkpoint: __win_fs_rename, 121: Access denied to a file owned by WiredTiger. It will attempt a few more times. You should confirm no other processes, such as virus scanners, are accessing the WiredTiger files. Raw: [1789248934:877630][4748:140716104058400], file:WiredTiger.wt, WT_SESSION.checkpoint: __win_fs_rename, 121: Access denied to a file owned by WiredTiger. It will attempt a few more times. You should confirm no other processes, such as virus scanners, are accessing the WiredTiger files.
2026-09-12 15:35:34.932  INFO 19316 --- [      Thread-40] o.s.b.a.mongo.embedded.EmbeddedMongo     : 2026-09-12T15:35:34.932-0600 E STORAGE  [WTCheckpointThread] WiredTiger error (0) [1789248934:931591][4748:140716104058400], file:WiredTiger.wt, WT_SESSION.checkpoint: __win_fs_rename, 121: Access denied to a file owned by WiredTiger. It will attempt a few more times. You should confirm no other processes, such as virus scanners, are accessing the WiredTiger files. Raw: [1789248934:931591][4748:140716104058400], file:WiredTiger.wt, WT_SESSION.checkpoint: __win_fs_rename, 121: Access denied to a file owned by WiredTiger. It will attempt a few more times. You should confirm no other processes, such as virus scanners, are accessing the WiredTiger files.
2026-09-12 15:35:35.054  INFO 19316 --- [      Thread-40] o.s.b.a.mongo.embedded.EmbeddedMongo     : 2026-09-12T15:35:35.055-0600 E STORAGE  [WTCheckpointThread] WiredTiger error (0) [1789248935:54900][4748:140716104058400], file:WiredTiger.wt, WT_SESSION.checkpoint: __win_fs_rename, 121: Access denied to a file owned by WiredTiger. It will attempt a few more times. You should confirm no other processes, such as virus scanners, are accessing the WiredTiger files. Raw: [1789248935:54900][4748:140716104058400], file:WiredTiger.wt, WT_SESSION.checkpoint: __win_fs_rename, 121: Access denied to a file owned by WiredTiger. It will attempt a few more times. You should confirm no other processes, such as virus scanners, are accessing the WiredTiger files.
2026-09-12 15:35:35.123  INFO 19316 --- [      Thread-40] o.s.b.a.mongo.embedded.EmbeddedMongo     : 2026-09-12T15:35:35.124-0600 E STORAGE  [WTCheckpointThread] WiredTiger error (0) [1789248935:123984][4748:140716104058400], file:WiredTiger.wt, WT_SESSION.checkpoint: __win_fs_rename, 121: Access denied to a file owned by WiredTiger. It will attempt a few more times. You should confirm no other processes, such as virus scanners, are accessing the WiredTiger files. Raw: [1789248935:123984][4748:140716104058400], file:WiredTiger.wt, WT_SESSION.checkpoint: __win_fs_rename, 121: Access denied to a file owned by WiredTiger. It will attempt a few more times. You should confirm no other processes, such as virus scanners, are accessing the WiredTiger files.
2026-09-12 15:35:35.256  INFO 19316 --- [      Thread-40] o.s.b.a.mongo.embedded.EmbeddedMongo     : 2026-09-12T15:35:35.256-0600 E STORAGE  [WTCheckpointThread] WiredTiger error (0) [1789248935:256362][4748:140716104058400], file:WiredTiger.wt, WT_SESSION.checkpoint: __win_fs_rename, 121: Access denied to a file owned by WiredTiger. It will attempt a few more times. You should confirm no other processes, such as virus scanners, are accessing the WiredTiger files. Raw: [1789248935:256362][4748:140716104058400], file:WiredTiger.wt, WT_SESSION.checkpoint: __win_fs_rename, 121: Access denied to a file owned by WiredTiger. It will attempt a few more times. You should confirm no other processes, such as virus scanners, are accessing the WiredTiger files.
2026-09-12 15:35:35.901  INFO 19316 --- [      Thread-40] o.s.b.a.mongo.embedded.EmbeddedMongo     : 2026-09-12T15:35:35.901-0600 E STORAGE  [WTCheckpointThread] WiredTiger error (0) [1789248935:901482][4748:140716104058400], file:WiredTiger.wt, WT_SESSION.checkpoint: __win_fs_rename, 121: Access denied to a file owned by WiredTiger. It will attempt a few more times. You should confirm no other processes, such as virus scanners, are accessing the WiredTiger files. Raw: [1789248935:901482][4748:140716104058400], file:WiredTiger.wt, WT_SESSION.checkpoint: __win_fs_rename, 121: Access denied to a file owned by WiredTiger. It will attempt a few more times. You should confirm no other processes, such as virus scanners, are accessing the WiredTiger files.
2026-09-12 15:35:35.956  INFO 19316 --- [      Thread-40] o.s.b.a.mongo.embedded.EmbeddedMongo     : 2026-09-12T15:35:35.957-0600 E STORAGE  [WTCheckpointThread] WiredTiger error (0) [1789248935:956791][4748:140716104058400], file:WiredTiger.wt, WT_SESSION.checkpoint: __win_fs_rename, 121: Access denied to a file owned by WiredTiger. It will attempt a few more times. You should confirm no other processes, such as virus scanners, are accessing the WiredTiger files. Raw: [1789248935:956791][4748:140716104058400], file:WiredTiger.wt, WT_SESSION.checkpoint: __win_fs_rename, 121: Access denied to a file owned by WiredTiger. It will attempt a few more times. You should confirm no other processes, such as virus scanners, are accessing the WiredTiger files.
2026-09-12 15:35:36.036  INFO 19316 --- [      Thread-40] o.s.b.a.mongo.embedded.EmbeddedMongo     : 2026-09-12T15:35:36.036-0600 E STORAGE  [WTCheckpointThread] WiredTiger error (0) [1789248936:36063][4748:140716104058400], file:WiredTiger.wt, WT_SESSION.checkpoint: __win_fs_rename, 121: Access denied to a file owned by WiredTiger. It will attempt a few more times. You should confirm no other processes, such as virus scanners, are accessing the WiredTiger files. Raw: [1789248936:36063][4748:140716104058400], file:WiredTiger.wt, WT_SESSION.checkpoint: __win_fs_rename, 121: Access denied to a file owned by WiredTiger. It will attempt a few more times. You should confirm no other processes, such as virus scanners, are accessing the WiredTiger files.
2026-09-12 15:35:36.097  INFO 19316 --- [      Thread-40] o.s.b.a.mongo.embedded.EmbeddedMongo     : 2026-09-12T15:35:36.098-0600 E STORAGE  [WTCheckpointThread] WiredTiger error (0) [1789248936:97692][4748:140716104058400], file:WiredTiger.wt, WT_SESSION.checkpoint: __win_fs_rename, 121: Access denied to a file owned by WiredTiger. It will attempt a few more times. You should confirm no other processes, such as virus scanners, are accessing the WiredTiger files. Raw: [1789248936:97692][4748:140716104058400], file:WiredTiger.wt, WT_SESSION.checkpoint: __win_fs_rename, 121: Access denied to a file owned by WiredTiger. It will attempt a few more times. You should confirm no other processes, such as virus scanners, are accessing the WiredTiger files.
2026-09-12 15:35:36.153  INFO 19316 --- [      Thread-40] o.s.b.a.mongo.embedded.EmbeddedMongo     : 2026-09-12T15:35:36.153-0600 E STORAGE  [WTCheckpointThread] WiredTiger error (0) [1789248936:152467][4748:140716104058400], file:WiredTiger.wt, WT_SESSION.checkpoint: __win_fs_rename, 121: Access denied to a file owned by WiredTiger. It will attempt a few more times. You should confirm no other processes, such as virus scanners, are accessing the WiredTiger files. Raw: [1789248936:152467][4748:140716104058400], file:WiredTiger.wt, WT_SESSION.checkpoint: __win_fs_rename, 121: Access denied to a file owned by WiredTiger. It will attempt a few more times. You should confirm no other processes, such as virus scanners, are accessing the WiredTiger files.
2026-09-12 15:35:36.772  INFO 19316 --- [      Thread-40] o.s.b.a.mongo.embedded.EmbeddedMongo     : 2026-09-12T15:35:36.772-0600 I NETWORK  [listener] connection accepted from 127.0.0.1:61958 #12 (1 connection now open)
2026-09-12 15:35:36.772  INFO 19316 --- [      Thread-40] o.s.b.a.mongo.embedded.EmbeddedMongo     : 2026-09-12T15:35:36.773-0600 I COMMAND  [conn12] terminating, shutdown command received { shutdown: 1, force: true, timeoutSecs: 0, $db: "admin" }
2026-09-12 15:35:36.772  INFO 19316 --- [      Thread-40] o.s.b.a.mongo.embedded.EmbeddedMongo     : 2026-09-12T15:35:36.773-0600 I NETWORK  [conn12] shutdown: going to close listening sockets...
2026-09-12 15:35:36.772  INFO 19316 --- [      Thread-40] o.s.b.a.mongo.embedded.EmbeddedMongo     : 2026-09-12T15:35:36.773-0600 I CONTROL  [conn12] Shutting down free monitoring
2026-09-12 15:35:36.772  INFO 19316 --- [      Thread-40] o.s.b.a.mongo.embedded.EmbeddedMongo     : 2026-09-12T15:35:36.773-0600 I FTDC     [conn12] Shutting down full-time diagnostic data capture
2026-09-12 15:35:36.773  INFO 19316 --- [      Thread-40] o.s.b.a.mongo.embedded.EmbeddedMongo     : 2026-09-12T15:35:36.774-0600 I STORAGE  [conn12] WiredTigerKVEngine shutting down
2026-09-12 15:35:36.773  INFO 19316 --- [      Thread-40] o.s.b.a.mongo.embedded.EmbeddedMongo     : 2026-09-12T15:35:36.774-0600 I STORAGE  [conn12] Shutting down session sweeper thread
2026-09-12 15:35:36.773  INFO 19316 --- [      Thread-40] o.s.b.a.mongo.embedded.EmbeddedMongo     : 2026-09-12T15:35:36.774-0600 I STORAGE  [conn12] Finished shutting down session sweeper thread
2026-09-12 15:35:36.784  INFO 19316 --- [      Thread-40] o.s.b.a.mongo.embedded.EmbeddedMongo     : 2026-09-12T15:35:36.785-0600 I STORAGE  [conn12] shutdown: removing fs lock...
2026-09-12 15:35:36.784  INFO 19316 --- [      Thread-40] o.s.b.a.mongo.embedded.EmbeddedMongo     : 2026-09-12T15:35:36.785-0600 I CONTROL  [conn12] now exiting
2026-09-12 15:35:36.784  INFO 19316 --- [      Thread-40] o.s.b.a.mongo.embedded.EmbeddedMongo     : 2026-09-12T15:35:36.785-0600 I CONTROL  [conn12] shutting down with code:0
[INFO] 
[INFO] Results:
[INFO] 
[WARNING] Tests run: 5, Failures: 0, Errors: 0, Skipped: 3
[INFO] 
[INFO] 
[INFO] --- jar:3.2.2:jar (default-jar) @ tacocloud ---
[INFO] Building jar: C:\Users\danie\Documents\Taco-Cloud-Practice\tacocloud\tacocloud\target\tacocloud-0.0.17-SNAPSHOT.jar
[INFO] 
[INFO] --- spring-boot:2.7.18:repackage (repackage) @ tacocloud ---
[INFO] Replacing main artifact with repackaged archive
[INFO] 
[INFO] --- install:2.5.2:install (default-install) @ tacocloud ---
[INFO] Installing C:\Users\danie\Documents\Taco-Cloud-Practice\tacocloud\tacocloud\target\tacocloud-0.0.17-SNAPSHOT.jar to C:\Users\danie\.m2\repository\sia\tacocloud\0.0.17-SNAPSHOT\tacocloud-0.0.17-SNAPSHOT.jar
[INFO] Installing C:\Users\danie\Documents\Taco-Cloud-Practice\tacocloud\tacocloud\pom.xml to C:\Users\danie\.m2\repository\sia\tacocloud\0.0.17-SNAPSHOT\tacocloud-0.0.17-SNAPSHOT.pom
[INFO] 
[INFO] ------------------------< sia:tacocloud-email >-------------------------
[INFO] Building tacocloud-email 0.0.17-SNAPSHOT                         [10/16]
[INFO]   from tacocloud-email\pom.xml
[INFO] --------------------------------[ jar ]---------------------------------
[INFO] 
[INFO] --- clean:3.2.0:clean (default-clean) @ tacocloud-email ---
[INFO] Deleting C:\Users\danie\Documents\Taco-Cloud-Practice\tacocloud\tacocloud-email\target
[INFO] 
[INFO] --- resources:3.2.0:resources (default-resources) @ tacocloud-email ---
[INFO] Using 'UTF-8' encoding to copy filtered resources.
[INFO] Using 'UTF-8' encoding to copy filtered properties files.
[INFO] Copying 1 resource
[INFO] Copying 0 resource
[INFO] 
[INFO] --- compiler:3.10.1:compile (default-compile) @ tacocloud-email ---
[INFO] Changes detected - recompiling the module!
[INFO] Compiling 9 source files to C:\Users\danie\Documents\Taco-Cloud-Practice\tacocloud\tacocloud-email\target\classes
[INFO] 
[INFO] --- resources:3.2.0:testResources (default-testResources) @ tacocloud-email ---
[INFO] Using 'UTF-8' encoding to copy filtered resources.
[INFO] Using 'UTF-8' encoding to copy filtered properties files.
[INFO] skip non existing resourceDirectory C:\Users\danie\Documents\Taco-Cloud-Practice\tacocloud\tacocloud-email\src\test\resources
[INFO] 
[INFO] --- compiler:3.10.1:testCompile (default-testCompile) @ tacocloud-email ---
[INFO] No sources to compile
[INFO] 
[INFO] --- surefire:2.22.2:test (default-test) @ tacocloud-email ---
[INFO] No tests to run.
[INFO] 
[INFO] --- jar:3.2.2:jar (default-jar) @ tacocloud-email ---
[INFO] Building jar: C:\Users\danie\Documents\Taco-Cloud-Practice\tacocloud\tacocloud-email\target\tacocloud-email-0.0.17-SNAPSHOT.jar
[INFO] 
[INFO] --- install:2.5.2:install (default-install) @ tacocloud-email ---
[INFO] Installing C:\Users\danie\Documents\Taco-Cloud-Practice\tacocloud\tacocloud-email\target\tacocloud-email-0.0.17-SNAPSHOT.jar to C:\Users\danie\.m2\repository\sia\tacocloud-email\0.0.17-SNAPSHOT\tacocloud-email-0.0.17-SNAPSHOT.jar
[INFO] Installing C:\Users\danie\Documents\Taco-Cloud-Practice\tacocloud\tacocloud-email\pom.xml to C:\Users\danie\.m2\repository\sia\tacocloud-email\0.0.17-SNAPSHOT\tacocloud-email-0.0.17-SNAPSHOT.pom
[INFO] 
[INFO] -----------------------< sia:tacocloud-kitchen >------------------------
[INFO] Building tacocloud-kitchen 0.0.17-SNAPSHOT                       [11/16]
[INFO]   from tacocloud-kitchen\pom.xml
[INFO] --------------------------------[ jar ]---------------------------------
[WARNING] 1 problem was encountered while building the effective model for org.javassist:javassist:jar:3.20.0-GA during dependency collection step for project (use -X to see details)
[INFO] 
[INFO] --- clean:3.2.0:clean (default-clean) @ tacocloud-kitchen ---
[INFO] Deleting C:\Users\danie\Documents\Taco-Cloud-Practice\tacocloud\tacocloud-kitchen\target
[INFO] 
[INFO] --- resources:3.2.0:resources (default-resources) @ tacocloud-kitchen ---
[INFO] Using 'UTF-8' encoding to copy filtered resources.
[INFO] Using 'UTF-8' encoding to copy filtered properties files.
[INFO] Copying 1 resource
[INFO] Copying 2 resources
[INFO] 
[INFO] --- compiler:3.10.1:compile (default-compile) @ tacocloud-kitchen ---
[INFO] Changes detected - recompiling the module!
[INFO] Compiling 15 source files to C:\Users\danie\Documents\Taco-Cloud-Practice\tacocloud\tacocloud-kitchen\target\classes
[INFO] 
[INFO] --- resources:3.2.0:testResources (default-testResources) @ tacocloud-kitchen ---
[INFO] Using 'UTF-8' encoding to copy filtered resources.
[INFO] Using 'UTF-8' encoding to copy filtered properties files.
[INFO] skip non existing resourceDirectory C:\Users\danie\Documents\Taco-Cloud-Practice\tacocloud\tacocloud-kitchen\src\test\resources
[INFO] 
[INFO] --- compiler:3.10.1:testCompile (default-testCompile) @ tacocloud-kitchen ---
[INFO] No sources to compile
[INFO] 
[INFO] --- surefire:2.22.2:test (default-test) @ tacocloud-kitchen ---
[INFO] No tests to run.
[INFO] 
[INFO] --- jar:3.2.2:jar (default-jar) @ tacocloud-kitchen ---
[INFO] Building jar: C:\Users\danie\Documents\Taco-Cloud-Practice\tacocloud\tacocloud-kitchen\target\tacocloud-kitchen-0.0.17-SNAPSHOT.jar
[INFO] 
[INFO] --- spring-boot:2.7.18:repackage (repackage) @ tacocloud-kitchen ---
[INFO] Replacing main artifact with repackaged archive
[INFO] 
[INFO] --- install:2.5.2:install (default-install) @ tacocloud-kitchen ---
[INFO] Installing C:\Users\danie\Documents\Taco-Cloud-Practice\tacocloud\tacocloud-kitchen\target\tacocloud-kitchen-0.0.17-SNAPSHOT.jar to C:\Users\danie\.m2\repository\sia\tacocloud-kitchen\0.0.17-SNAPSHOT\tacocloud-kitchen-0.0.17-SNAPSHOT.jar
[INFO] Installing C:\Users\danie\Documents\Taco-Cloud-Practice\tacocloud\tacocloud-kitchen\pom.xml to C:\Users\danie\.m2\repository\sia\tacocloud-kitchen\0.0.17-SNAPSHOT\tacocloud-kitchen-0.0.17-SNAPSHOT.pom
[INFO] 
[INFO] --------------------< sia:tacocloud-messaging-jms >---------------------
[INFO] Building tacocloud-messaging-jms 0.0.17-SNAPSHOT                 [12/16]
[INFO]   from tacocloud-messaging-jms\pom.xml
[INFO] --------------------------------[ jar ]---------------------------------
[INFO] 
[INFO] --- clean:3.2.0:clean (default-clean) @ tacocloud-messaging-jms ---
[INFO] Deleting C:\Users\danie\Documents\Taco-Cloud-Practice\tacocloud\tacocloud-messaging-jms\target
[INFO] 
[INFO] --- resources:3.2.0:resources (default-resources) @ tacocloud-messaging-jms ---
[INFO] Using 'UTF-8' encoding to copy filtered resources.
[INFO] Using 'UTF-8' encoding to copy filtered properties files.
[INFO] Copying 1 resource
[INFO] Copying 0 resource
[INFO] 
[INFO] --- compiler:3.10.1:compile (default-compile) @ tacocloud-messaging-jms ---
[INFO] Changes detected - recompiling the module!
[INFO] Compiling 3 source files to C:\Users\danie\Documents\Taco-Cloud-Practice\tacocloud\tacocloud-messaging-jms\target\classes
[INFO] 
[INFO] --- resources:3.2.0:testResources (default-testResources) @ tacocloud-messaging-jms ---
[INFO] Using 'UTF-8' encoding to copy filtered resources.
[INFO] Using 'UTF-8' encoding to copy filtered properties files.
[INFO] skip non existing resourceDirectory C:\Users\danie\Documents\Taco-Cloud-Practice\tacocloud\tacocloud-messaging-jms\src\test\resources
[INFO] 
[INFO] --- compiler:3.10.1:testCompile (default-testCompile) @ tacocloud-messaging-jms ---
[INFO] No sources to compile
[INFO] 
[INFO] --- surefire:2.22.2:test (default-test) @ tacocloud-messaging-jms ---
[INFO] No tests to run.
[INFO] 
[INFO] --- jar:3.2.2:jar (default-jar) @ tacocloud-messaging-jms ---
[INFO] Building jar: C:\Users\danie\Documents\Taco-Cloud-Practice\tacocloud\tacocloud-messaging-jms\target\tacocloud-messaging-jms-0.0.17-SNAPSHOT.jar
[INFO] 
[INFO] --- install:2.5.2:install (default-install) @ tacocloud-messaging-jms ---
[INFO] Installing C:\Users\danie\Documents\Taco-Cloud-Practice\tacocloud\tacocloud-messaging-jms\target\tacocloud-messaging-jms-0.0.17-SNAPSHOT.jar to C:\Users\danie\.m2\repository\sia\tacocloud-messaging-jms\0.0.17-SNAPSHOT\tacocloud-messaging-jms-0.0.17-SNAPSHOT.jar
[INFO] Installing C:\Users\danie\Documents\Taco-Cloud-Practice\tacocloud\tacocloud-messaging-jms\pom.xml to C:\Users\danie\.m2\repository\sia\tacocloud-messaging-jms\0.0.17-SNAPSHOT\tacocloud-messaging-jms-0.0.17-SNAPSHOT.pom
[INFO] 
[INFO] -------------------< sia:tacocloud-messaging-kafka >--------------------
[INFO] Building tacocloud-messaging-kafka 0.0.17-SNAPSHOT               [13/16]
[INFO]   from tacocloud-messaging-kafka\pom.xml
[INFO] --------------------------------[ jar ]---------------------------------
[INFO] 
[INFO] --- clean:3.2.0:clean (default-clean) @ tacocloud-messaging-kafka ---
[INFO] Deleting C:\Users\danie\Documents\Taco-Cloud-Practice\tacocloud\tacocloud-messaging-kafka\target
[INFO] 
[INFO] --- resources:3.2.0:resources (default-resources) @ tacocloud-messaging-kafka ---
[INFO] Using 'UTF-8' encoding to copy filtered resources.
[INFO] Using 'UTF-8' encoding to copy filtered properties files.
[INFO] Copying 1 resource
[INFO] Copying 0 resource
[INFO] 
[INFO] --- compiler:3.10.1:compile (default-compile) @ tacocloud-messaging-kafka ---
[INFO] Changes detected - recompiling the module!
[INFO] Compiling 2 source files to C:\Users\danie\Documents\Taco-Cloud-Practice\tacocloud\tacocloud-messaging-kafka\target\classes
[INFO] 
[INFO] --- resources:3.2.0:testResources (default-testResources) @ tacocloud-messaging-kafka ---
[INFO] Using 'UTF-8' encoding to copy filtered resources.
[INFO] Using 'UTF-8' encoding to copy filtered properties files.
[INFO] skip non existing resourceDirectory C:\Users\danie\Documents\Taco-Cloud-Practice\tacocloud\tacocloud-messaging-kafka\src\test\resources
[INFO] 
[INFO] --- compiler:3.10.1:testCompile (default-testCompile) @ tacocloud-messaging-kafka ---
[INFO] No sources to compile
[INFO] 
[INFO] --- surefire:2.22.2:test (default-test) @ tacocloud-messaging-kafka ---
[INFO] No tests to run.
[INFO] 
[INFO] --- jar:3.2.2:jar (default-jar) @ tacocloud-messaging-kafka ---
[INFO] Building jar: C:\Users\danie\Documents\Taco-Cloud-Practice\tacocloud\tacocloud-messaging-kafka\target\tacocloud-messaging-kafka-0.0.17-SNAPSHOT.jar
[INFO] 
[INFO] --- install:2.5.2:install (default-install) @ tacocloud-messaging-kafka ---
[INFO] Installing C:\Users\danie\Documents\Taco-Cloud-Practice\tacocloud\tacocloud-messaging-kafka\target\tacocloud-messaging-kafka-0.0.17-SNAPSHOT.jar to C:\Users\danie\.m2\repository\sia\tacocloud-messaging-kafka\0.0.17-SNAPSHOT\tacocloud-messaging-kafka-0.0.17-SNAPSHOT.jar
[INFO] Installing C:\Users\danie\Documents\Taco-Cloud-Practice\tacocloud\tacocloud-messaging-kafka\pom.xml to C:\Users\danie\.m2\repository\sia\tacocloud-messaging-kafka\0.0.17-SNAPSHOT\tacocloud-messaging-kafka-0.0.17-SNAPSHOT.pom
[INFO] 
[INFO] ------------------< sia:tacocloud-messaging-rabbitmq >------------------
[INFO] Building tacocloud-messaging-rabbitmq 0.0.17-SNAPSHOT            [14/16]
[INFO]   from tacocloud-messaging-rabbitmq\pom.xml
[INFO] --------------------------------[ jar ]---------------------------------
[INFO] 
[INFO] --- clean:3.2.0:clean (default-clean) @ tacocloud-messaging-rabbitmq ---
[INFO] Deleting C:\Users\danie\Documents\Taco-Cloud-Practice\tacocloud\tacocloud-messaging-rabbitmq\target
[INFO] 
[INFO] --- resources:3.2.0:resources (default-resources) @ tacocloud-messaging-rabbitmq ---
[INFO] Using 'UTF-8' encoding to copy filtered resources.
[INFO] Using 'UTF-8' encoding to copy filtered properties files.
[INFO] Copying 1 resource
[INFO] Copying 0 resource
[INFO] 
[INFO] --- compiler:3.10.1:compile (default-compile) @ tacocloud-messaging-rabbitmq ---
[INFO] Changes detected - recompiling the module!
[INFO] Compiling 3 source files to C:\Users\danie\Documents\Taco-Cloud-Practice\tacocloud\tacocloud-messaging-rabbitmq\target\classes
[INFO] 
[INFO] --- resources:3.2.0:testResources (default-testResources) @ tacocloud-messaging-rabbitmq ---
[INFO] Using 'UTF-8' encoding to copy filtered resources.
[INFO] Using 'UTF-8' encoding to copy filtered properties files.
[INFO] skip non existing resourceDirectory C:\Users\danie\Documents\Taco-Cloud-Practice\tacocloud\tacocloud-messaging-rabbitmq\src\test\resources
[INFO] 
[INFO] --- compiler:3.10.1:testCompile (default-testCompile) @ tacocloud-messaging-rabbitmq ---
[INFO] No sources to compile
[INFO] 
[INFO] --- surefire:2.22.2:test (default-test) @ tacocloud-messaging-rabbitmq ---
[INFO] No tests to run.
[INFO] 
[INFO] --- jar:3.2.2:jar (default-jar) @ tacocloud-messaging-rabbitmq ---
[INFO] Building jar: C:\Users\danie\Documents\Taco-Cloud-Practice\tacocloud\tacocloud-messaging-rabbitmq\target\tacocloud-messaging-rabbitmq-0.0.17-SNAPSHOT.jar
[INFO] 
[INFO] --- install:2.5.2:install (default-install) @ tacocloud-messaging-rabbitmq ---
[INFO] Installing C:\Users\danie\Documents\Taco-Cloud-Practice\tacocloud\tacocloud-messaging-rabbitmq\target\tacocloud-messaging-rabbitmq-0.0.17-SNAPSHOT.jar to C:\Users\danie\.m2\repository\sia\tacocloud-messaging-rabbitmq\0.0.17-SNAPSHOT\tacocloud-messaging-rabbitmq-0.0.17-SNAPSHOT.jar
[INFO] Installing C:\Users\danie\Documents\Taco-Cloud-Practice\tacocloud\tacocloud-messaging-rabbitmq\pom.xml to C:\Users\danie\.m2\repository\sia\tacocloud-messaging-rabbitmq\0.0.17-SNAPSHOT\tacocloud-messaging-rabbitmq-0.0.17-SNAPSHOT.pom
[INFO] 
[INFO] ----------------------< sia:tacocloud-restclient >----------------------
[INFO] Building tacocloud-restclient 0.0.17-SNAPSHOT                    [15/16]
[INFO]   from tacocloud-restclient\pom.xml
[INFO] --------------------------------[ jar ]---------------------------------
[INFO] 
[INFO] --- clean:3.2.0:clean (default-clean) @ tacocloud-restclient ---
[INFO] Deleting C:\Users\danie\Documents\Taco-Cloud-Practice\tacocloud\tacocloud-restclient\target
[INFO] 
[INFO] --- resources:3.2.0:resources (default-resources) @ tacocloud-restclient ---
[INFO] Using 'UTF-8' encoding to copy filtered resources.
[INFO] Using 'UTF-8' encoding to copy filtered properties files.
[INFO] Copying 1 resource
[INFO] Copying 16 resources
[INFO] 
[INFO] --- compiler:3.10.1:compile (default-compile) @ tacocloud-restclient ---
[INFO] Changes detected - recompiling the module!
[INFO] Compiling 2 source files to C:\Users\danie\Documents\Taco-Cloud-Practice\tacocloud\tacocloud-restclient\target\classes
[INFO] 
[INFO] --- resources:3.2.0:testResources (default-testResources) @ tacocloud-restclient ---
[INFO] Using 'UTF-8' encoding to copy filtered resources.
[INFO] Using 'UTF-8' encoding to copy filtered properties files.
[INFO] skip non existing resourceDirectory C:\Users\danie\Documents\Taco-Cloud-Practice\tacocloud\tacocloud-restclient\src\test\resources
[INFO] 
[INFO] --- compiler:3.10.1:testCompile (default-testCompile) @ tacocloud-restclient ---
[INFO] No sources to compile
[INFO] 
[INFO] --- surefire:2.22.2:test (default-test) @ tacocloud-restclient ---
[INFO] No tests to run.
[INFO] 
[INFO] --- jar:3.2.2:jar (default-jar) @ tacocloud-restclient ---
[INFO] Building jar: C:\Users\danie\Documents\Taco-Cloud-Practice\tacocloud\tacocloud-restclient\target\tacocloud-restclient-0.0.17-SNAPSHOT.jar
[INFO] 
[INFO] --- install:2.5.2:install (default-install) @ tacocloud-restclient ---
[INFO] Installing C:\Users\danie\Documents\Taco-Cloud-Practice\tacocloud\tacocloud-restclient\target\tacocloud-restclient-0.0.17-SNAPSHOT.jar to C:\Users\danie\.m2\repository\sia\tacocloud-restclient\0.0.17-SNAPSHOT\tacocloud-restclient-0.0.17-SNAPSHOT.jar
[INFO] Installing C:\Users\danie\Documents\Taco-Cloud-Practice\tacocloud\tacocloud-restclient\pom.xml to C:\Users\danie\.m2\repository\sia\tacocloud-restclient\0.0.17-SNAPSHOT\tacocloud-restclient-0.0.17-SNAPSHOT.pom
[INFO] 
[INFO] -------------------------< sia:tacocloud-web >--------------------------
[INFO] Building tacocloud-web 0.0.17-SNAPSHOT                           [16/16]
[INFO]   from tacocloud-web\pom.xml
[INFO] --------------------------------[ jar ]---------------------------------
[INFO] 
[INFO] --- clean:3.2.0:clean (default-clean) @ tacocloud-web ---
[INFO] Deleting C:\Users\danie\Documents\Taco-Cloud-Practice\tacocloud\tacocloud-web\target
[INFO] 
[INFO] --- resources:3.2.0:resources (default-resources) @ tacocloud-web ---
[INFO] Using 'UTF-8' encoding to copy filtered resources.
[INFO] Using 'UTF-8' encoding to copy filtered properties files.
[INFO] Copying 0 resource
[INFO] Copying 16 resources
[INFO] 
[INFO] --- compiler:3.10.1:compile (default-compile) @ tacocloud-web ---
[INFO] Changes detected - recompiling the module!
[INFO] Compiling 5 source files to C:\Users\danie\Documents\Taco-Cloud-Practice\tacocloud\tacocloud-web\target\classes
[INFO] 
[INFO] --- resources:3.2.0:testResources (default-testResources) @ tacocloud-web ---
[INFO] Using 'UTF-8' encoding to copy filtered resources.
[INFO] Using 'UTF-8' encoding to copy filtered properties files.
[INFO] Copying 0 resource
[INFO] 
[INFO] --- compiler:3.10.1:testCompile (default-testCompile) @ tacocloud-web ---
[INFO] Changes detected - recompiling the module!
[INFO] Compiling 3 source files to C:\Users\danie\Documents\Taco-Cloud-Practice\tacocloud\tacocloud-web\target\test-classes
[INFO] /C:/Users/danie/Documents/Taco-Cloud-Practice/tacocloud/tacocloud-web/src/test/java/tacos/DesignTacoControllerBrowserTest.java: Some input files use or override a deprecated API.
[INFO] /C:/Users/danie/Documents/Taco-Cloud-Practice/tacocloud/tacocloud-web/src/test/java/tacos/DesignTacoControllerBrowserTest.java: Recompile with -Xlint:deprecation for details.
[INFO] 
[INFO] --- surefire:2.22.2:test (default-test) @ tacocloud-web ---
[INFO] 
[INFO] -------------------------------------------------------
[INFO]  T E S T S
[INFO] -------------------------------------------------------
[INFO] Running tacos.DesignAndOrderTacosBrowserTest
[WARNING] Tests run: 1, Failures: 0, Errors: 0, Skipped: 1, Time elapsed: 0 s - in tacos.DesignAndOrderTacosBrowserTest
[INFO] Running tacos.DesignTacoControllerBrowserTest
[WARNING] Tests run: 1, Failures: 0, Errors: 0, Skipped: 1, Time elapsed: 0 s - in tacos.DesignTacoControllerBrowserTest
[INFO] Running tacos.HomeControllerTest
[WARNING] Tests run: 1, Failures: 0, Errors: 0, Skipped: 1, Time elapsed: 0 s - in tacos.HomeControllerTest
[INFO] 
[INFO] Results:
[INFO] 
[WARNING] Tests run: 3, Failures: 0, Errors: 0, Skipped: 3
[INFO] 
[INFO] 
[INFO] --- jar:3.2.2:jar (default-jar) @ tacocloud-web ---
[INFO] Building jar: C:\Users\danie\Documents\Taco-Cloud-Practice\tacocloud\tacocloud-web\target\tacocloud-web-0.0.17-SNAPSHOT.jar
[INFO] 
[INFO] --- install:2.5.2:install (default-install) @ tacocloud-web ---
[INFO] Installing C:\Users\danie\Documents\Taco-Cloud-Practice\tacocloud\tacocloud-web\target\tacocloud-web-0.0.17-SNAPSHOT.jar to C:\Users\danie\.m2\repository\sia\tacocloud-web\0.0.17-SNAPSHOT\tacocloud-web-0.0.17-SNAPSHOT.jar
[INFO] Installing C:\Users\danie\Documents\Taco-Cloud-Practice\tacocloud\tacocloud-web\pom.xml to C:\Users\danie\.m2\repository\sia\tacocloud-web\0.0.17-SNAPSHOT\tacocloud-web-0.0.17-SNAPSHOT.pom
[INFO] ------------------------------------------------------------------------
[INFO] Reactor Summary for taco-cloud-parent 0.0.17-SNAPSHOT:
[INFO] 
[INFO] taco-cloud-parent .................................. SUCCESS [  0.257 s]
[INFO] tacocloud-domain ................................... SUCCESS [  2.335 s]
[INFO] tacocloud-data-mongodb ............................. SUCCESS [  0.727 s]
[INFO] tacocloud-security ................................. SUCCESS [  0.746 s]
[INFO] tacocloud-messaging-noop ........................... SUCCESS [  0.587 s]
[INFO] tacocloud-api ...................................... SUCCESS [  3.734 s]
[INFO] tacocloud-ui ....................................... SUCCESS [  9.672 s]
[INFO] tacocloud-jmx ...................................... SUCCESS [  0.315 s]
[INFO] taco-cloud ......................................... SUCCESS [ 24.733 s]
[INFO] tacocloud-email .................................... SUCCESS [  0.815 s]
[INFO] tacocloud-kitchen .................................. SUCCESS [  1.221 s]
[INFO] tacocloud-messaging-jms ............................ SUCCESS [  0.639 s]
[INFO] tacocloud-messaging-kafka .......................... SUCCESS [  0.502 s]
[INFO] tacocloud-messaging-rabbitmq ....................... SUCCESS [  0.527 s]
[INFO] tacocloud-restclient ............................... SUCCESS [  0.623 s]
[INFO] tacocloud-web ...................................... SUCCESS [  2.716 s]
[INFO] ------------------------------------------------------------------------
[INFO] BUILD SUCCESS
[INFO] ------------------------------------------------------------------------
[INFO] Total time:  50.448 s
[INFO] Finished at: 2026-09-12T15:35:44-06:00
[INFO] ------------------------------------------------------------------------
